date,actual_price,predicted_price,decision,confidence
2024-01-01,1,1,BUY,0.9999408777175885
2024-01-02,1,1,BUY,0.8730548332420427
2024-01-03,0,1,BUY,0.9125107280445768
2024-01-04,1,1,BUY,0.9999621352767847
2024-01-05,0,1,BUY,0.9459063763045236
2024-01-06,0,0,SELL,0.1653620392907843
2024-01-07,1,1,BUY,0.9999226363037091
2024-01-08,0,1,BUY,0.9987005129754029
2024-01-09,0,0,SELL,0.07930274565231801
2024-01-10,1,1,BUY,0.9442423253672771
2024-01-11,1,1,BUY,0.9993873907491936
2024-01-12,1,1,BUY,0.9994124599313712
2024-01-13,0,0,SELL,0.34897097792569476
2024-01-14,1,1,BUY,0.9997348543160848
2024-01-15,1,1,BUY,0.9739883387407957
2024-01-16,1,0,SELL,0.44708919189441965
2024-01-17,1,1,BUY,0.7402096680931279
2024-01-18,1,1,BUY,0.9880112778180731
2024-01-19,0,1,BUY,0.8518084000569885
2024-01-20,1,1,BUY,0.9998886267384551
2024-01-21,0,1,BUY,0.8652275571331931
2024-01-22,1,1,BUY,0.9999309181658841
2024-01-23,1,0,SELL,0.3581799643953243
2024-01-24,1,1,BUY,0.9942011574679308
2024-01-25,1,1,BUY,0.9919653939471474
2024-01-26,1,1,BUY,0.6205858842367536
2024-01-27,1,1,BUY,0.8199500976851016
2024-01-28,1,0,SELL,0.37293686306877777
2024-01-29,1,1,BUY,0.752666094809935
2024-01-30,1,1,BUY,0.9998715948000884
2024-01-31,0,1,BUY,0.5676963501630246
2024-02-01,1,1,BUY,0.9959988634451887
2024-02-02,1,1,BUY,0.8216542562753042
2024-02-03,1,1,BUY,0.8905629491094483
2024-02-04,1,1,BUY,0.9999602860825096
2024-02-05,1,1,BUY,0.7886862757599316
2024-02-06,1,1,BUY,0.7087918863066435
2024-02-07,1,0,SELL,0.23028702939699694
2024-02-08,1,1,BUY,0.7193303516705866
2024-02-09,0,0,SELL,0.49715959099436136
2024-02-10,1,1,BUY,0.9998346620674063
2024-02-11,1,1,BUY,0.9996415837545977
2024-02-12,1,0,SELL,0.49967010765839137
2024-02-13,1,1,BUY,0.9999693737307777
2024-02-14,1,1,BUY,0.9604836562422301
2024-02-15,0,1,BUY,0.8945797273491625
2024-02-16,0,0,SELL,0.44751206364017093
2024-02-17,0,0,SELL,0.3210382304409956
2024-02-18,1,1,BUY,0.9782888642280065
2024-02-19,1,1,BUY,0.9999578123008924
2024-02-20,1,1,BUY,0.7119645198030143
2024-02-21,1,1,BUY,0.999497776179724
2024-02-22,0,0,SELL,0.11336218766729601
2024-02-23,1,1,BUY,0.8174659116419974
2024-02-24,1,0,SELL,0.421896809969848
2024-02-25,1,1,BUY,0.9880074612381957
2024-02-26,1,1,BUY,0.6604000146190091
2024-02-27,1,1,BUY,0.9958807573984376
2024-02-28,0,0,SELL,0.4913687511916339
2024-02-29,1,1,BUY,0.9998012780655312
2024-03-01,1,1,BUY,0.8880768700366029
2024-03-02,1,1,BUY,0.9715529017847806
2024-03-03,1,1,BUY,0.9998597932473064
2024-03-04,1,1,BUY,0.6400752930539666
2024-03-05,1,1,BUY,0.7564198299941655
2024-03-06,1,1,BUY,0.9631354157326386
2024-03-07,1,1,BUY,0.9801765245159232
2024-03-08,1,1,BUY,0.8726454336168417
2024-03-09,1,1,BUY,0.9998435068544518
2024-03-10,1,0,SELL,0.23934465090572454
2024-03-11,1,1,BUY,0.8560131976325168
2024-03-12,0,1,BUY,0.8863485322254265
2024-03-13,1,1,BUY,0.9992159150810324
2024-03-14,0,1,BUY,0.542762282000003
2024-03-15,1,1,BUY,0.9967232344729245
2024-03-16,1,1,BUY,0.9954530954386301
2024-03-17,1,1,BUY,0.9999606903327368
2024-03-18,1,1,BUY,0.9928534674670945
2024-03-19,1,1,BUY,0.9241543439621236
2024-03-20,0,1,BUY,0.8680036646641046
2024-03-21,1,1,BUY,0.5995053535285068
2024-03-22,1,1,BUY,0.7588938392861578
2024-03-23,0,0,SELL,0.15676596051392427
2024-03-24,0,0,SELL,0.37869723971400354
2024-03-25,1,1,BUY,0.9998558968423689
2024-03-26,1,1,BUY,0.9992993991867138
2024-03-27,1,1,BUY,0.8543150687525408
2024-03-28,1,1,BUY,0.9796687474417975
2024-03-29,1,1,BUY,0.8774662450251397
2024-03-30,1,1,BUY,0.9472171881817402
2024-03-31,1,1,BUY,0.9825882257581451
2024-04-01,0,1,BUY,0.922258612261279
2024-04-02,0,0,SELL,0.22324529520486047
2024-04-03,1,1,BUY,0.9946112505437114
2024-04-04,1,0,SELL,0.41082327354690357
2024-04-05,1,1,BUY,0.8036628740997451
2024-04-06,1,1,BUY,0.9103222498113875
2024-04-07,1,1,BUY,0.9595444785847688
2024-04-08,0,0,SELL,0.16584615784743226
2024-04-09,1,1,BUY,0.9632647541586705
2024-04-10,0,0,SELL,0.43416139859978276
2024-04-11,1,1,BUY,0.9998220033238601
2024-04-12,1,1,BUY,0.9999828475003294
2024-04-13,1,1,BUY,0.9776509566379015
2024-04-14,0,1,BUY,0.9944521276994702
2024-04-15,0,1,BUY,0.8294347675815309
2024-04-16,0,0,SELL,0.0473738044583016
2024-04-17,1,1,BUY,0.9992693599680164
2024-04-18,1,1,BUY,0.9966359137922755
2024-04-19,1,1,BUY,0.9999801124101613
2024-04-20,1,1,BUY,0.9982429987089808
2024-04-21,1,1,BUY,0.9997071716090961
2024-04-22,1,1,BUY,0.9990799760483035
2024-04-23,1,1,BUY,0.9990928895365795
2024-04-24,1,1,BUY,0.9996307202438175
2024-04-25,1,1,BUY,0.6042541943096157
2024-04-26,1,1,BUY,0.9852728199357442
2024-04-27,1,1,BUY,0.8676565739573591
2024-04-28,1,1,BUY,0.9999118256336846
2024-04-29,1,1,BUY,0.7916257940997116
2024-04-30,0,1,BUY,0.8182755493124407
2024-05-01,1,1,BUY,0.999678048942705
2024-05-02,1,1,BUY,0.9904792710564784
2024-05-03,1,1,BUY,0.9997797732239856
2024-05-04,1,1,BUY,0.9999911370109135
2024-05-05,0,1,BUY,0.9373466483159366
2024-05-06,1,1,BUY,0.965361918979001
2024-05-07,1,1,BUY,0.9662538335168713
2024-05-08,0,0,SELL,0.1326262124990316
2024-05-09,1,1,BUY,0.9879611277582101
2024-05-10,1,1,BUY,0.8551871117014846
2024-05-11,1,1,BUY,0.9996541175818695
2024-05-12,1,1,BUY,0.9995542059592519
2024-05-13,0,0,SELL,0.48078433628896095
2024-05-14,1,1,BUY,0.918190722229239
2024-05-15,1,1,BUY,0.9597323591286392
2024-05-16,1,1,BUY,0.9986474403768899
2024-05-17,1,1,BUY,0.9999110879097821
2024-05-18,1,1,BUY,0.9863909607514191
2024-05-19,0,1,BUY,0.9870009686094133
2024-05-20,0,1,BUY,0.6957470766416698
2024-05-21,1,0,SELL,0.09586940535287194
2024-05-22,1,0,SELL,0.498140559544023
2024-05-23,1,1,BUY,0.9999910834825559
2024-05-24,0,0,SELL,0.489825953939885
2024-05-25,1,1,BUY,0.550133342621602
2024-05-26,1,1,BUY,0.9996106224112341
2024-05-27,0,1,BUY,0.5112406612784101
2024-05-28,1,1,BUY,0.9988038303136245
2024-05-29,1,1,BUY,0.9999083234561099
2024-05-30,1,1,BUY,0.9583599849399732
2024-05-31,1,1,BUY,0.9996962766535574
2024-06-01,1,1,BUY,0.9994718871012084
2024-06-02,1,1,BUY,0.9978519366717455
2024-06-03,1,1,BUY,0.9999104624236838
2024-06-04,1,1,BUY,0.9999834644013675
2024-06-05,1,1,BUY,0.9998518474734579
2024-06-06,1,0,SELL,0.4819329164601495
2024-06-07,1,1,BUY,0.9916460832733313
2024-06-08,1,1,BUY,0.9997960328765484
2024-06-09,1,1,BUY,0.9996320586810514
2024-06-10,1,1,BUY,0.8954262096942002
2024-06-11,1,1,BUY,0.9802269093080263
2024-06-12,1,1,BUY,0.9847436844615326
2024-06-13,1,1,BUY,0.9543872071132506
2024-06-14,0,1,BUY,0.69620300704106
2024-06-15,0,0,SELL,0.10137908692126514
2024-06-16,0,1,BUY,0.9804337782122535
2024-06-17,1,1,BUY,0.9764532462197241
2024-06-18,0,0,SELL,0.4032377372323366
2024-06-19,1,1,BUY,0.9766034392349816
2024-06-20,0,0,SELL,0.1888397627332857
2024-06-21,1,0,SELL,0.47894762371828725
2024-06-22,1,1,BUY,0.9998972129436176
2024-06-23,0,1,BUY,0.6774463477582096
2024-06-24,1,1,BUY,0.9998782413349145
2024-06-25,1,1,BUY,0.9999239868352555
2024-06-26,1,1,BUY,0.9805205342375648
2024-06-27,1,1,BUY,0.932719434745688
2024-06-28,1,1,BUY,0.9894398640463845
2024-06-29,1,1,BUY,0.9999808153686292
2024-06-30,1,1,BUY,0.929983380488238
2024-07-01,1,1,BUY,0.9542035714407519
2024-07-02,1,1,BUY,0.9830596951924291
2024-07-03,1,1,BUY,0.9646675461937626
2024-07-04,0,1,BUY,0.5126495646255887
2024-07-05,1,1,BUY,0.7413037015359483
2024-07-06,0,0,SELL,0.3107432883125506
2024-07-07,1,1,BUY,0.9984962031901116
2024-07-08,0,0,SELL,0.2558629733687283
2024-07-09,1,1,BUY,0.9997751755741374
2024-07-10,1,1,BUY,0.9999860522927024
2024-07-11,0,0,SELL,0.08416701364485726
2024-07-12,1,1,BUY,0.835389682884675
2024-07-13,0,0,SELL,0.20948070879051472
2024-07-14,1,1,BUY,0.802534696790406
2024-07-15,0,1,BUY,0.9908439734370459
2024-07-16,1,1,BUY,0.99997089239284
2024-07-17,1,1,BUY,0.99988822301208
2024-07-18,0,0,SELL,0.11910412088815157
2024-07-19,1,1,BUY,0.9903315435405504
2024-07-20,1,1,BUY,0.9999758891903776
2024-07-21,1,1,BUY,0.9894619873757947
2024-07-22,1,1,BUY,0.9965622991996894
2024-07-23,1,1,BUY,0.9994489778787728
2024-07-24,1,1,BUY,0.9408994628762908
2024-07-25,0,1,BUY,0.9515743997539439
2024-07-26,1,1,BUY,0.8656998959126704
2024-07-27,1,1,BUY,0.9448410205290274
2024-07-28,1,1,BUY,0.9999436738584639
2024-07-29,0,1,BUY,0.9926509676776099
2024-07-30,0,1,BUY,0.7794699665068723
2024-07-31,1,1,BUY,0.9383178186690423
2024-08-01,1,1,BUY,0.9528422862424215
2024-08-02,0,1,BUY,0.5633706623695092
2024-08-03,0,0,SELL,0.23734957757401723
2024-08-04,1,1,BUY,0.9370920787723338
2024-08-05,0,1,BUY,0.5219243771514216
2024-08-06,1,1,BUY,0.9632328401133735
2024-08-07,1,1,BUY,0.9174593901170011
2024-08-08,1,1,BUY,0.7802377766237766
2024-08-09,1,1,BUY,0.998356465223314
2024-08-10,0,0,SELL,0.20551546554761016
2024-08-11,1,1,BUY,0.9999912313682151
2024-08-12,1,1,BUY,0.9789431890726966
2024-08-13,1,1,BUY,0.9988182750533462
2024-08-14,1,1,BUY,0.9989592077171224
2024-08-15,1,1,BUY,0.9107412203256277
2024-08-16,1,1,BUY,0.9999644416075487
2024-08-17,0,1,BUY,0.5339561217755634
2024-08-18,0,1,BUY,0.7332844349204612
2024-08-19,0,1,BUY,0.9704599706322471
2024-08-20,1,1,BUY,0.9998383953877975
2024-08-21,0,0,SELL,0.35278780839643115
2024-08-22,0,0,SELL,0.3986705611386284
2024-08-23,0,1,BUY,0.5189151299494528
2024-08-24,1,1,BUY,0.8461623446226495
2024-08-25,1,1,BUY,0.9764098018131381
2024-08-26,1,1,BUY,0.9997927578307008
2024-08-27,0,1,BUY,0.9498134207651328
2024-08-28,1,1,BUY,0.9581443146106283
2024-08-29,1,1,BUY,0.9889628440266569
2024-08-30,1,1,BUY,0.9594567034214176
2024-08-31,1,1,BUY,0.9839778923186012
2024-09-01,1,1,BUY,0.9884370086356332
2024-09-02,1,1,BUY,0.9855122717546537
2024-09-03,1,1,BUY,0.9990246168269404
2024-09-04,1,1,BUY,0.9969031248950783
2024-09-05,1,1,BUY,0.9998273546682248
2024-09-06,1,1,BUY,0.9999163949839809
2024-09-07,1,1,BUY,0.9999356212598557
2024-09-08,0,0,SELL,0.38726522835953175
2024-09-09,1,1,BUY,0.9759508772519896
2024-09-10,1,1,BUY,0.6213665534803523
2024-09-11,0,1,BUY,0.7318511753247281
2024-09-12,0,0,SELL,0.33040172360377684
2024-09-13,1,1,BUY,0.8813291224694076
2024-09-14,1,1,BUY,0.9999370635238649
2024-09-15,1,1,BUY,0.9999611067788061
2024-09-16,1,1,BUY,0.9969107404801609
2024-09-17,1,1,BUY,0.9778581899393931
2024-09-18,0,0,SELL,0.09388603183986113
2024-09-19,1,1,BUY,0.9999692080258833
2024-09-20,1,1,BUY,0.9372896301299188
2024-09-21,0,1,BUY,0.8254857901738424
2024-09-22,1,1,BUY,0.9624347483468829
2024-09-23,0,0,SELL,0.15713230185170687
2024-09-24,1,1,BUY,0.9305962474323031
2024-09-25,1,1,BUY,0.9313680914170316
2024-09-26,1,1,BUY,0.9999539128016963
2024-09-27,0,0,SELL,0.20420175461042372
2024-09-28,1,1,BUY,0.9588737912984072
2024-09-29,1,1,BUY,0.9144856727398791
2024-09-30,0,0,SELL,0.1530334295873436
2024-10-01,1,1,BUY,0.9417912720503818
2024-10-02,1,1,BUY,0.7528344634754526
2024-10-03,1,1,BUY,0.7908878606403685
2024-10-04,1,1,BUY,0.7956748003729203
2024-10-05,1,1,BUY,0.9011838844879273
2024-10-06,1,1,BUY,0.8476515545378135
2024-10-07,1,1,BUY,0.9728081685401497
2024-10-08,1,1,BUY,0.9316361579026634
2024-10-09,1,1,BUY,0.973768091840166
2024-10-10,0,1,BUY,0.9272295233159428
2024-10-11,1,1,BUY,0.9950487291567836
2024-10-12,1,1,BUY,0.8122812579768568
2024-10-13,0,0,SELL,0.30002535576510525
2024-10-14,1,1,BUY,0.971182381670776
2024-10-15,1,1,BUY,0.9049779474018549
2024-10-16,0,0,SELL,0.3917959916836758
2024-10-17,0,0,SELL,0.2767544155652217
2024-10-18,1,1,BUY,0.999977869034679
2024-10-19,1,0,SELL,0.43141199730463997
2024-10-20,1,1,BUY,0.999931474080625
2024-10-21,1,1,BUY,0.9265061018861873
2024-10-22,1,1,BUY,0.9997838223753969
2024-10-23,0,0,SELL,0.03303922344223057
2024-10-24,0,1,BUY,0.9996590188959031
2024-10-25,1,1,BUY,0.9999933925051923
2024-10-26,1,1,BUY,0.9931521369999994
2024-10-27,1,1,BUY,0.8746452566187056
2024-10-28,0,0,SELL,0.02742450161610238
2024-10-29,1,1,BUY,0.6538461084660543
2024-10-30,1,1,BUY,0.9890518970080556
2024-10-31,1,1,BUY,0.8964639539416963
2024-11-01,1,1,BUY,0.9155351646730036
2024-11-02,1,1,BUY,0.9785170555838029
2024-11-03,1,1,BUY,0.9984189541625919
2024-11-04,0,1,BUY,0.7898483883492446
2024-11-05,1,1,BUY,0.9999099579163702
2024-11-06,1,1,BUY,0.9905088827427547
2024-11-07,1,0,SELL,0.4685444363937867
2024-11-08,1,1,BUY,0.990579679226688
2024-11-09,1,1,BUY,0.9995266823255268
2024-11-10,0,1,BUY,0.973969181097642
2024-11-11,1,1,BUY,0.999837540579906
2024-11-12,1,1,BUY,0.9126234954460956
2024-11-13,1,1,BUY,0.9999416518250995
2024-11-14,0,0,SELL,0.3032937340456752
2024-11-15,1,1,BUY,0.9990068016667365
2024-11-16,0,0,SELL,0.4245207567769321
2024-11-17,1,1,BUY,0.9695640417952209
2024-11-18,1,1,BUY,0.9997599332628728
2024-11-19,1,1,BUY,0.9862136550411831
2024-11-20,1,1,BUY,0.9891170648153711
2024-11-21,1,1,BUY,0.78955536650094
2024-11-22,1,1,BUY,0.9932970814367119
2024-11-23,1,1,BUY,0.8916301052604054
2024-11-24,1,1,BUY,0.8972200426537768
2024-11-25,1,1,BUY,0.8082909853705252
2024-11-26,1,1,BUY,0.9502263372323088
2024-11-27,1,1,BUY,0.9752273969086531
2024-11-28,1,1,BUY,0.9793596214448116
2024-11-29,0,0,SELL,0.3126349136065972
2024-11-30,1,1,BUY,0.9969607148512499
2024-12-01,1,1,BUY,0.932169226718322
2024-12-02,1,1,BUY,0.8952369760089507
2024-12-03,1,1,BUY,0.9960337447628598
2024-12-04,1,1,BUY,0.999716494154005
2024-12-05,1,1,BUY,0.9958681046575403
2024-12-06,0,0,SELL,0.4160231692731175
2024-12-07,1,1,BUY,0.9996137676675239
2024-12-08,1,1,BUY,0.7995970461715609
2024-12-09,0,1,BUY,0.8518332735539496
2024-12-10,1,0,SELL,0.36396525151849324
2024-12-11,1,1,BUY,0.8114526845585049
2024-12-12,1,1,BUY,0.9805877869162128
2024-12-13,1,1,BUY,0.8767702185935855
2024-12-14,1,1,BUY,0.9146485568301576
2024-12-15,1,1,BUY,0.9917006365407767
2024-12-16,1,1,BUY,0.9926677131149445
2024-12-17,0,1,BUY,0.8576401039442751
2024-12-18,0,0,SELL,0.39623478667862233
2024-12-19,0,0,SELL,0.021059836531768402
2024-12-20,0,1,BUY,0.8190585969414813
2024-12-21,1,1,BUY,0.9909503138403546
2024-12-22,1,1,BUY,0.9613824423047775
2024-12-23,1,1,BUY,0.9451869439095629
2024-12-24,1,1,BUY,0.9449253836968988
2024-12-25,1,1,BUY,0.9577932232707769
2024-12-26,0,1,BUY,0.9649885400707695
2024-12-27,1,1,BUY,0.9965163360801587
2024-12-28,1,1,BUY,0.9990412537966862
2024-12-29,1,1,BUY,0.9998295145455804
2024-12-30,1,1,BUY,0.790238816751869
2024-12-31,1,1,BUY,0.6857905824269213
2025-01-01,0,1,BUY,0.9998381118170934
2025-01-02,1,1,BUY,0.9947949027810546
2025-01-03,0,0,SELL,0.4869498973412512
2025-01-04,0,0,SELL,0.2567906485166362
2025-01-05,1,1,BUY,0.6379644353132613
2025-01-06,1,1,BUY,0.8200865387973927
2025-01-07,1,1,BUY,0.9999836428972305
2025-01-08,1,1,BUY,0.9730276111495866
2025-01-09,0,0,SELL,0.4178291475217333
2025-01-10,0,1,BUY,0.7972544922608001
2025-01-11,1,1,BUY,0.9558666310123339
2025-01-12,1,1,BUY,0.8659793880651769
2025-01-13,1,1,BUY,0.9994232689567505
2025-01-14,0,0,SELL,0.22941999559903298
2025-01-15,0,0,SELL,0.28990164644759325
2025-01-16,1,1,BUY,0.999903518039829
2025-01-17,1,1,BUY,0.9996306704334192
2025-01-18,0,1,BUY,0.8414206549790971
2025-01-19,1,1,BUY,0.9989855345067479
2025-01-20,1,1,BUY,0.9996652785688065
2025-01-21,0,0,SELL,0.2770349775648732
2025-01-22,0,1,BUY,0.8807304033678278
2025-01-23,1,1,BUY,0.9753461207049949
2025-01-24,1,1,BUY,0.5957189937855072
2025-01-25,1,1,BUY,0.9954256656816352
2025-01-26,0,0,SELL,0.287628148198378
2025-01-27,0,1,BUY,0.9772716508840379
2025-01-28,1,1,BUY,0.9998950569990142
2025-01-29,1,1,BUY,0.9936859025469207
2025-01-30,1,1,BUY,0.9819343539942872
2025-01-31,1,1,BUY,0.8286052215927119
2025-02-01,1,1,BUY,0.9578132201244864
2025-02-02,0,0,SELL,0.3423156582965086
2025-02-03,1,1,BUY,0.9851919063979236
2025-02-04,0,1,BUY,0.7001985044408943
2025-02-05,1,1,BUY,0.9999520440122226
2025-02-06,1,1,BUY,0.9690149888180478
2025-02-07,1,1,BUY,0.7240216843858406
2025-02-08,1,1,BUY,0.9881914952248542
2025-02-09,1,1,BUY,0.9572222873479178
2025-02-10,1,1,BUY,0.7385227660099157
2025-02-11,1,1,BUY,0.9991818205816451
2025-02-12,0,0,SELL,0.14665119787447572
2025-02-13,0,0,SELL,0.014203184331407161
2025-02-14,1,1,BUY,0.999914662050325
2025-02-15,1,1,BUY,0.9934736607595542
2025-02-16,0,1,BUY,0.5080626881298267
2025-02-17,0,1,BUY,0.9694121213966516
2025-02-18,1,1,BUY,0.9355889814925602
2025-02-19,0,1,BUY,0.954664019168794
2025-02-20,1,1,BUY,0.8736652069974816
2025-02-21,1,1,BUY,0.9999892832909149
2025-02-22,1,0,SELL,0.11057590281012909
2025-02-23,1,1,BUY,0.9999904718347156
2025-02-24,1,1,BUY,0.9316200246527954
2025-02-25,1,1,BUY,0.9993574222881092
2025-02-26,0,0,SELL,0.1484467538377363
2025-02-27,1,1,BUY,0.7354660614419335
2025-02-28,1,1,BUY,0.9998417458120217
2025-03-01,1,1,BUY,0.9994913657720731
2025-03-02,0,1,BUY,0.9563247339254308
2025-03-03,1,1,BUY,0.9661223625396672
2025-03-04,1,1,BUY,0.8684286147945345
2025-03-05,1,0,SELL,0.34382283574750233
2025-03-06,1,1,BUY,0.9987785323403909
2025-03-07,0,0,SELL,0.4331322196632612
2025-03-08,1,1,BUY,0.9803923004001683
2025-03-09,1,1,BUY,0.9632532407827502
2025-03-10,1,1,BUY,0.9992501139725068
2025-03-11,1,1,BUY,0.8963540381695284
2025-03-12,1,1,BUY,0.999796687274402
2025-03-13,1,1,BUY,0.5504463761133387
2025-03-14,0,0,SELL,0.37583695138129114
2025-03-15,1,1,BUY,0.9961367140103905
2025-03-16,0,1,BUY,0.885417598159287
2025-03-17,1,1,BUY,0.9998929785942366
2025-03-18,0,0,SELL,0.29621389859299213
2025-03-19,0,0,SELL,0.3528581586820614
2025-03-20,0,0,SELL,0.022927389611271456
2025-03-21,1,1,BUY,0.5601435386384053
2025-03-22,1,1,BUY,0.9995118746619384
2025-03-23,1,1,BUY,0.7279913792056188
2025-03-24,1,1,BUY,0.9999757150949646
2025-03-25,1,1,BUY,0.7523455163566003
2025-03-26,1,1,BUY,0.9906767136305821
2025-03-27,1,1,BUY,0.831794758218815
2025-03-28,0,0,SELL,0.14972119261227781
2025-03-29,1,1,BUY,0.8340014988641322
2025-03-30,1,1,BUY,0.9924074953368193
2025-03-31,1,1,BUY,0.9658199098580582
2025-04-01,1,1,BUY,0.7920399622186202
2025-04-02,1,1,BUY,0.9998616735008851
2025-04-03,1,1,BUY,0.9999078704582182
2025-04-04,1,1,BUY,0.9999634810462732
2025-04-05,1,1,BUY,0.9847092155287026
2025-04-06,0,1,BUY,0.5791831585994274
2025-04-07,1,1,BUY,0.9381188191482785
2025-04-08,1,1,BUY,0.9997049643643285
2025-04-09,1,1,BUY,0.8493688062604846
2025-04-10,1,1,BUY,0.999685416487269
2025-04-11,1,1,BUY,0.9317303045662514
2025-04-12,0,0,SELL,0.4568933582729575
2025-04-13,1,1,BUY,0.9884540682305238
2025-04-14,0,0,SELL,0.17944127952115133
2025-04-15,1,1,BUY,0.9917328682222508
2025-04-16,1,1,BUY,0.9974959341980908
2025-04-17,1,0,SELL,0.4691864367290897
2025-04-18,1,1,BUY,0.9619961485066347
2025-04-19,1,1,BUY,0.9996726650849728
2025-04-20,1,1,BUY,0.9997956471652654
2025-04-21,0,1,BUY,0.8930961099872241
2025-04-22,1,1,BUY,0.8709406235688683
2025-04-23,1,1,BUY,0.9096257740455869
2025-04-24,0,0,SELL,0.12483669137719781
2025-04-25,1,1,BUY,0.703704669671733
2025-04-26,1,1,BUY,0.9943460905162752
2025-04-27,0,0,SELL,0.04052501180222742
2025-04-28,0,1,BUY,0.787222833557461
2025-04-29,1,1,BUY,0.9999450843738228
2025-04-30,1,1,BUY,0.999956419180017
2025-05-01,1,0,SELL,0.07038784062783197
2025-05-02,1,1,BUY,0.8896419767028871
2025-05-03,0,0,SELL,0.2421502724605288
2025-05-04,1,1,BUY,0.9992926535717487
2025-05-05,1,1,BUY,0.9999915131048837
2025-05-06,1,1,BUY,0.9806452603793899
2025-05-07,1,1,BUY,0.9989058687739027
2025-05-08,0,1,BUY,0.8412541681771171
2025-05-09,0,0,SELL,0.23150195129003395
2025-05-10,1,1,BUY,0.9998047571689244
2025-05-11,1,1,BUY,0.984024587516018
2025-05-12,1,1,BUY,0.9932217507779068
2025-05-13,0,1,BUY,0.5550465445751364
2025-05-14,1,1,BUY,0.9991944160584201
2025-05-15,0,0,SELL,0.08966580940390083
2025-05-16,1,1,BUY,0.9929719991501651
2025-05-17,1,1,BUY,0.992297016508795
2025-05-18,0,0,SELL,0.06054937320571218
2025-05-19,1,1,BUY,0.9997842842783592
2025-05-20,1,1,BUY,0.9624376392193802
2025-05-21,1,0,SELL,0.15245350218139792
2025-05-22,1,1,BUY,0.5867504362132446
2025-05-23,0,1,BUY,0.9250937268038392
2025-05-24,1,1,BUY,0.9471651185814914
2025-05-25,0,1,BUY,0.6455479537890841
2025-05-26,1,1,BUY,0.9428344844039985
2025-05-27,1,1,BUY,0.9817416325224951
2025-05-28,0,0,SELL,0.3604758135037584
2025-05-29,1,0,SELL,0.4175482612968426
2025-05-30,1,1,BUY,0.9998704283106886
2025-05-31,1,1,BUY,0.9999756656394815
2025-06-01,1,1,BUY,0.9998904471293253
2025-06-02,1,1,BUY,0.9999773443366866
2025-06-03,1,1,BUY,0.9025346083407926
2025-06-04,1,0,SELL,0.4772861933562284
2025-06-05,1,1,BUY,0.9995837607424501
2025-06-06,1,1,BUY,0.9997171813997588
2025-06-07,1,1,BUY,0.9952190578709948
2025-06-08,1,0,SELL,0.4173714976736836
2025-06-09,1,1,BUY,0.9999866573703234
2025-06-10,0,1,BUY,0.8861453203046489
2025-06-11,1,1,BUY,0.9999593221083188
2025-06-12,1,1,BUY,0.9886230935862288
2025-06-13,1,1,BUY,0.9570653303991945
2025-06-14,1,1,BUY,0.9588565122180919
2025-06-15,1,1,BUY,0.9997794411651018
2025-06-16,1,1,BUY,0.9907776275287021
2025-06-17,1,1,BUY,0.9324256721245449
2025-06-18,1,1,BUY,0.8719253320174787
2025-06-19,0,1,BUY,0.8142973359770627
2025-06-20,1,1,BUY,0.9999769522329168
2025-06-21,1,1,BUY,0.9998718626524362
2025-06-22,0,1,BUY,0.5634797797604323
2025-06-23,1,1,BUY,0.9008245071222453
2025-06-24,0,1,BUY,0.9967854304850606
2025-06-25,1,1,BUY,0.7930312030469575
2025-06-26,1,1,BUY,0.8632887944203655
2025-06-27,1,1,BUY,0.7230004835551072
2025-06-28,1,1,BUY,0.9862946774323379
2025-06-29,1,1,BUY,0.8613256311749472
2025-06-30,1,1,BUY,0.969293568953355
2025-07-01,1,1,BUY,0.9941757322968745
2025-07-02,0,0,SELL,0.11477376426884102
2025-07-03,0,0,SELL,0.22163977298992793
2025-07-04,1,1,BUY,0.9975498611946384
2025-07-05,1,1,BUY,0.9973170593969518
2025-07-06,1,1,BUY,0.8446954230902654
2025-07-07,0,1,BUY,0.5573164018140384
2025-07-08,0,0,SELL,0.07704540183055855
2025-07-09,1,1,BUY,0.8769548843876606
2025-07-10,0,0,SELL,0.032254727128379554
2025-07-11,1,1,BUY,0.9918973740150787
2025-07-12,1,1,BUY,0.9998460202998207
2025-07-13,1,1,BUY,0.999300165717736
2025-07-14,1,1,BUY,0.8118626866842251
2025-07-15,0,0,SELL,0.11815428916262591
2025-07-16,0,1,BUY,0.5928733868733601
2025-07-17,1,1,BUY,0.9993815582159403
2025-07-18,1,1,BUY,0.9856167152559113
2025-07-19,1,1,BUY,0.9984961464689852
2025-07-20,0,0,SELL,0.42528382908343254
2025-07-21,1,1,BUY,0.997341515743278
2025-07-22,1,1,BUY,0.9987545519257344
2025-07-23,1,1,BUY,0.9997458830671178
2025-07-24,1,1,BUY,0.9996102754981216
2025-07-25,0,0,SELL,0.26345230600137703
2025-07-26,1,1,BUY,0.9991568016455427
2025-07-27,1,1,BUY,0.9914021899881548
2025-07-28,0,1,BUY,0.5044467821590217
2025-07-29,1,1,BUY,0.999845894788726
2025-07-30,1,0,SELL,0.3191694332127121
2025-07-31,1,1,BUY,0.9997797302794966
2025-08-01,1,1,BUY,0.999666118899363
2025-08-02,1,1,BUY,0.779401852520721
2025-08-03,1,1,BUY,0.9998987360984659
2025-08-04,0,0,SELL,0.20332247047557586
2025-08-05,0,1,BUY,0.7542836169894117
2025-08-06,1,1,BUY,0.9904685462973557
2025-08-07,1,1,BUY,0.750581638334533
2025-08-08,1,1,BUY,0.9999666231493662
2025-08-09,1,1,BUY,0.9943500463387503
2025-08-10,1,1,BUY,0.9998907076608627
2025-08-11,1,1,BUY,0.9859404043105844
2025-08-12,1,1,BUY,0.9996999875390554
2025-08-13,1,1,BUY,0.9626865166617925
2025-08-14,1,1,BUY,0.999679839757921
2025-08-15,0,0,SELL,0.20351531606346146
2025-08-16,0,1,BUY,0.8903588095471577
2025-08-17,1,1,BUY,0.9000800872636752
2025-08-18,1,1,BUY,0.732767935788143
2025-08-19,1,1,BUY,0.8444635883904604
2025-08-20,1,1,BUY,0.9174257517436457
2025-08-21,1,1,BUY,0.8131863403947888
2025-08-22,1,1,BUY,0.9998524321495157
2025-08-23,1,1,BUY,0.8468204637436911
2025-08-24,1,1,BUY,0.8897080413984639
2025-08-25,0,0,SELL,0.16838293786196512
2025-08-26,0,0,SELL,0.23761261733179823
2025-08-27,1,1,BUY,0.9960021243213456
2025-08-28,0,0,SELL,0.42249854619305166
2025-08-29,1,1,BUY,0.9977675762063045
2025-08-30,1,1,BUY,0.8478446978872933
2025-08-31,1,1,BUY,0.7393034900016315
2025-09-01,1,1,BUY,0.9999221255569789
2025-09-02,1,1,BUY,0.9990158459941872
2025-09-03,1,1,BUY,0.8369398463566124
2025-09-04,1,1,BUY,0.999990588249874
2025-09-05,1,1,BUY,0.9987346426655154
2025-09-06,1,1,BUY,0.5444294546344774
2025-09-07,1,1,BUY,0.9982213735660665
2025-09-08,1,1,BUY,0.9710425507875544
2025-09-09,1,1,BUY,0.9997567916363158
2025-09-10,1,1,BUY,0.8038914749444768
2025-09-11,1,1,BUY,0.9999603825374244
2025-09-12,1,1,BUY,0.7571655731381838
2025-09-13,1,1,BUY,0.9442643343547859
2025-09-14,1,1,BUY,0.9828262937094429
2025-09-15,1,1,BUY,0.9106515058706646
2025-09-16,1,1,BUY,0.9999644158319151
2025-09-17,1,0,SELL,0.3387868462659692
2025-09-18,1,1,BUY,0.9386454189339978
2025-09-19,1,1,BUY,0.6166839954026883
2025-09-20,0,1,BUY,0.9515734471233511
2025-09-21,1,1,BUY,0.9657369444093777
2025-09-22,1,1,BUY,0.9999320675812352
2025-09-23,1,1,BUY,0.9984743210994608
2025-09-24,1,1,BUY,0.9847401422803876
2025-09-25,1,1,BUY,0.8260556324479914
2025-09-26,1,1,BUY,0.9999770370260733
2025-09-27,0,0,SELL,0.37970253906521034
2025-09-28,0,1,BUY,0.7808690724190431
2025-09-29,1,1,BUY,0.8780788183841816
2025-09-30,1,1,BUY,0.5510354622187031
2025-10-01,1,1,BUY,0.5730141035278582
2025-10-02,1,1,BUY,0.9791440140526486
2025-10-03,1,1,BUY,0.913710777994533
2025-10-04,1,1,BUY,0.8839269084071268
2025-10-05,1,1,BUY,0.9945962690149679
2025-10-06,1,0,SELL,0.12060338123939153
2025-10-07,0,1,BUY,0.7258441231464637
2025-10-08,1,1,BUY,0.9832131250051852
2025-10-09,1,0,SELL,0.27936782292286994
2025-10-10,1,1,BUY,0.9999692612993839
2025-10-11,1,1,BUY,0.9999118703422322
2025-10-12,1,1,BUY,0.9707293783020579
2025-10-13,1,1,BUY,0.9991128352400325
2025-10-14,1,0,SELL,0.2823025874551456
2025-10-15,1,1,BUY,0.9998912958937225
2025-10-16,1,1,BUY,0.9999839213259007
2025-10-17,1,1,BUY,0.9635069497440155
2025-10-18,1,0,SELL,0.3971844977987738
2025-10-19,1,1,BUY,0.9883960555195844
2025-10-20,1,0,SELL,0.006502103931620501
2025-10-21,1,1,BUY,0.9973811777035845
2025-10-22,1,1,BUY,0.9644906991454802
2025-10-23,1,0,SELL,0.44242566261789196
2025-10-24,0,0,SELL,0.30886205165506153
2025-10-25,0,1,BUY,0.8763874723439564
2025-10-26,1,1,BUY,0.9993549200353392
2025-10-27,1,1,BUY,0.8803663016320726
2025-10-28,1,1,BUY,0.9956551501992111
2025-10-29,1,1,BUY,0.9896726735256834
2025-10-30,0,0,SELL,0.07661810576977743
2025-10-31,1,1,BUY,0.9962025732643821
2025-11-01,1,1,BUY,0.8701476862480146
2025-11-02,1,1,BUY,0.9999791166609089
2025-11-03,1,1,BUY,0.5195852033946611
2025-11-04,1,0,SELL,0.4358232489260267
2025-11-05,1,1,BUY,0.99978370788239
2025-11-06,1,1,BUY,0.8690346530838224
2025-11-07,1,1,BUY,0.9984760858312458
2025-11-08,0,1,BUY,0.9225314663451952
2025-11-09,0,0,SELL,0.16514317203568193
2025-11-10,1,1,BUY,0.9999708917211906
2025-11-11,1,1,BUY,0.9631038139016955
2025-11-12,1,1,BUY,0.9587890880557777
2025-11-13,1,1,BUY,0.8844480297510503
2025-11-14,1,1,BUY,0.9975508199767951
2025-11-15,0,1,BUY,0.9223617595906015
2025-11-16,1,1,BUY,0.9998668824393172
2025-11-17,0,1,BUY,0.8485122496611193
2025-11-18,1,1,BUY,0.9994278690640065
2025-11-19,0,0,SELL,0.16310683039101867
2025-11-20,1,1,BUY,0.9706429021346218
2025-11-21,1,1,BUY,0.9538597207917247
2025-11-22,1,1,BUY,0.999100669894196
2025-11-23,0,1,BUY,0.8756917728612209
2025-11-24,1,1,BUY,0.8765784543407353
2025-11-25,1,1,BUY,0.99375143869878
2025-11-26,1,1,BUY,0.9999707856093843
2025-11-27,1,1,BUY,0.9796005946408146
2025-11-28,1,1,BUY,0.9916853620715991
2025-11-29,1,1,BUY,0.993238941294213
2025-11-30,1,1,BUY,0.981962991875688
2025-12-01,1,1,BUY,0.9741676687107221
2025-12-02,0,1,BUY,0.6848364219050559
2025-12-03,1,1,BUY,0.9998071944286313
2025-12-04,0,0,SELL,0.09416074384516426
2025-12-05,1,1,BUY,0.9998850025598539
2025-12-06,1,1,BUY,0.986743429593714
2025-12-07,1,1,BUY,0.9995984920077992
2025-12-08,1,1,BUY,0.9560114908515293
2025-12-09,0,1,BUY,0.842771821113831
2025-12-10,0,0,SELL,0.11626369102186968
2025-12-11,1,1,BUY,0.9999776359784426
2025-12-12,1,1,BUY,0.9893663375641832
2025-12-13,1,1,BUY,0.7263963845932977
2025-12-14,1,1,BUY,0.998259232773276
2025-12-15,1,1,BUY,0.7696255979976163
2025-12-16,1,1,BUY,0.9999734717787719
2025-12-17,1,1,BUY,0.9989851542645494
2025-12-18,1,1,BUY,0.999943677220212
2025-12-19,1,1,BUY,0.916823023406921
2025-12-20,1,1,BUY,0.9977756918661395
2025-12-21,1,0,SELL,0.3236231132911842
2025-12-22,1,1,BUY,0.9999247659737359
2025-12-23,1,1,BUY,0.9830355694871785
2025-12-24,1,1,BUY,0.9998928116550878
2025-12-25,1,1,BUY,0.9948600850925385
2025-12-26,1,1,BUY,0.9074871835098005
2025-12-27,0,1,BUY,0.7189235158905434
2025-12-28,1,0,SELL,0.37915476481609856
2025-12-29,1,1,BUY,0.9999584299381348
2025-12-30,1,1,BUY,0.9941998180401357
2025-12-31,1,0,SELL,0.229701763237115
2026-01-01,0,0,SELL,0.07789328474263363
2026-01-02,1,1,BUY,0.9975781668468134
2026-01-03,1,1,BUY,0.9235422807173947
2026-01-04,1,1,BUY,0.9998834084480711
2026-01-05,0,0,SELL,0.14024966445918013
2026-01-06,1,1,BUY,0.9973111710805241
2026-01-07,1,1,BUY,0.996675876166775
2026-01-08,0,1,BUY,0.7715833322252743
2026-01-09,1,1,BUY,0.9925881540705295
2026-01-10,1,1,BUY,0.9892112342538426
2026-01-11,0,0,SELL,0.07965432803284081
2026-01-12,1,1,BUY,0.9801196447520913
2026-01-13,1,1,BUY,0.9439371903404313
2026-01-14,1,1,BUY,0.9147876447139567
2026-01-15,1,1,BUY,0.999906638353437
2026-01-16,1,1,BUY,0.7348222986583682
2026-01-17,1,1,BUY,0.9997246426468518
2026-01-18,1,1,BUY,0.9508525188801753
2026-01-19,1,0,SELL,0.41765745116597325
2026-01-20,0,0,SELL,0.24106154793732468
2026-01-21,1,1,BUY,0.795333863236944
2026-01-22,1,1,BUY,0.9996574298546066
2026-01-23,0,1,BUY,0.9143826859088685
2026-01-24,1,1,BUY,0.9978215550093221
2026-01-25,1,1,BUY,0.9999591358658553
2026-01-26,1,1,BUY,0.9791849763594802
2026-01-27,1,1,BUY,0.971061729331057
2026-01-28,1,1,BUY,0.9999754859502424
2026-01-29,1,1,BUY,0.9994723730573204
2026-01-30,1,0,SELL,0.05632752437664857
2026-01-31,1,0,SELL,0.2800350177910177
2026-02-01,1,1,BUY,0.9945208001047026
2026-02-02,1,0,SELL,0.22888379547238538
2026-02-03,1,1,BUY,0.984888471869996
2026-02-04,1,1,BUY,0.9998837791857343
2026-02-05,0,1,BUY,0.7041053685327797
2026-02-06,1,1,BUY,0.9997825211285255
2026-02-07,1,1,BUY,0.9999122138845545
2026-02-08,0,0,SELL,0.08700602791211991
2026-02-09,1,1,BUY,0.9980305148365736
2026-02-10,1,1,BUY,0.9341013128972546
2026-02-11,1,1,BUY,0.9807291453670951
2026-02-12,1,1,BUY,0.8851542614804425
2026-02-13,1,1,BUY,0.6759707018664759
2026-02-14,1,1,BUY,0.9963324196121703
2026-02-15,1,1,BUY,0.9858979122544455
2026-02-16,1,1,BUY,0.9999098318629767
2026-02-17,0,1,BUY,0.7284686936292243
2026-02-18,1,1,BUY,0.9913506919556623
2026-02-19,1,1,BUY,0.901722740102361
2026-02-20,1,1,BUY,0.9297655505854915
2026-02-21,1,1,BUY,0.7214721139644079
2026-02-22,1,1,BUY,0.9992103258514802
2026-02-23,1,1,BUY,0.9653620263864235
2026-02-24,1,1,BUY,0.9290356450197295
2026-02-25,1,1,BUY,0.986807324092583
2026-02-26,1,1,BUY,0.9883331925319312
2026-02-27,1,1,BUY,0.9751597013684682
2026-02-28,0,1,BUY,0.9288356645265474
2026-03-01,0,0,SELL,0.07835154667791934
2026-03-02,1,1,BUY,0.9927061891547464
2026-03-03,1,1,BUY,0.6881050263816678
2026-03-04,1,1,BUY,0.9397816100428625
2026-03-05,0,0,SELL,0.034591969516882766
2026-03-06,1,1,BUY,0.9994380512087838
2026-03-07,0,0,SELL,0.19312842015873852
2026-03-08,1,1,BUY,0.9960914588157352
2026-03-09,1,1,BUY,0.8737035781520256
2026-03-10,1,0,SELL,0.1316107164859395
2026-03-11,1,1,BUY,0.9872483089976603
2026-03-12,0,0,SELL,0.33610918475115836
2026-03-13,1,1,BUY,0.6071741264798571
2026-03-14,0,1,BUY,0.832202907687568
2026-03-15,0,0,SELL,0.3268587355033161
2026-03-16,1,1,BUY,0.9985402057142222
2026-03-17,1,1,BUY,0.9995306304301684
2026-03-18,0,1,BUY,0.6956474307403582
2026-03-19,0,1,BUY,0.8051297631374817
2026-03-20,1,0,SELL,0.11351639669555501
2026-03-21,0,1,BUY,0.8173626864420611
2026-03-22,1,1,BUY,0.9666053550743833
2026-03-23,0,1,BUY,0.5671396844829454
2026-03-24,1,1,BUY,0.7451646032130459
2026-03-25,1,1,BUY,0.9999830184470841
2026-03-26,0,0,SELL,0.11679283998554284
2026-03-27,1,1,BUY,0.8253865465224915
2026-03-28,0,0,SELL,0.032015780920697484
2026-03-29,1,1,BUY,0.9388445272968401
2026-03-30,0,0,SELL,0.19964585307586102
2026-03-31,1,0,SELL,0.026135645598523452
2026-04-01,1,1,BUY,0.6960683752646036
2026-04-02,1,1,BUY,0.9977454394485329
2026-04-03,1,1,BUY,0.9999111162913782
2026-04-04,0,0,SELL,0.4738865857717084
2026-04-05,1,1,BUY,0.9967299880166874
2026-04-06,0,1,BUY,0.9244986525847272
2026-04-07,0,0,SELL,0.46138376609110116
2026-04-08,1,1,BUY,0.99963499861305
2026-04-09,1,1,BUY,0.9992891298368554
2026-04-10,0,1,BUY,0.813110509712757
2026-04-11,0,0,SELL,0.1936995819088661
2026-04-12,1,1,BUY,0.9998580888383248
2026-04-13,1,1,BUY,0.9999821261315449
2026-04-14,0,1,BUY,0.7596228814829894
2026-04-15,1,1,BUY,0.9974926445472391
2026-04-16,1,1,BUY,0.8067806776621831
2026-04-17,1,1,BUY,0.6684778012957211
2026-04-18,1,1,BUY,0.9560399943282565
2026-04-19,1,1,BUY,0.961522088823308
2026-04-20,1,1,BUY,0.8111593057428563
2026-04-21,1,1,BUY,0.8598359632055239
2026-04-22,1,1,BUY,0.688101243370674
2026-04-23,1,1,BUY,0.9864767778637906
2026-04-24,1,1,BUY,0.9341152862504581
2026-04-25,1,1,BUY,0.957182532554498
2026-04-26,0,0,SELL,0.07451325482151579
2026-04-27,0,0,SELL,0.2247988331566973
2026-04-28,1,1,BUY,0.7932856867921418
2026-04-29,1,0,SELL,0.45982420330316254
2026-04-30,1,1,BUY,0.9738374783762155
2026-05-01,1,1,BUY,0.9398380113523728
2026-05-02,1,1,BUY,0.9991722580536917
2026-05-03,0,0,SELL,0.15237788218294765
2026-05-04,1,1,BUY,0.9994983551019652
2026-05-05,0,0,SELL,0.4379546942601106
2026-05-06,1,1,BUY,0.9989737420441903
2026-05-07,0,0,SELL,0.02210495785737751
2026-05-08,1,1,BUY,0.7989458327204713
2026-05-09,1,0,SELL,0.17475844331812637
2026-05-10,1,1,BUY,0.9909642525687805
2026-05-11,0,0,SELL,0.49262649359904137
2026-05-12,1,1,BUY,0.7478983405413012
2026-05-13,0,0,SELL,0.17945518550265463
2026-05-14,0,0,SELL,0.12036114727262762
2026-05-15,1,1,BUY,0.9802629143682484
2026-05-16,0,1,BUY,0.6756337778025512
2026-05-17,0,0,SELL,0.026906780253329383
2026-05-18,1,1,BUY,0.8596204580890006
2026-05-19,1,1,BUY,0.9833462026703694
2026-05-20,0,1,BUY,0.9503461994018542
2026-05-21,1,1,BUY,0.9592298137827497
2026-05-22,1,1,BUY,0.998345657158558
2026-05-23,1,0,SELL,0.38493878131593623
2026-05-24,1,1,BUY,0.9854987679400319
2026-05-25,1,1,BUY,0.6159374787317017
2026-05-26,1,1,BUY,0.9991947296034254
2026-05-27,0,1,BUY,0.577829855509936
2026-05-28,1,1,BUY,0.996736087636117
2026-05-29,1,1,BUY,0.5913105698170331
2026-05-30,1,1,BUY,0.9989918777904643
2026-05-31,1,1,BUY,0.9999562631000539
2026-06-01,1,0,SELL,0.46187447833439516
2026-06-02,0,0,SELL,0.362209032648618
2026-06-03,1,1,BUY,0.9324958504738348
2026-06-04,1,1,BUY,0.9125003085467829
2026-06-05,0,0,SELL,0.012224278442207559
2026-06-06,1,1,BUY,0.9468805460632842
2026-06-07,1,1,BUY,0.9979176687487888
2026-06-08,0,1,BUY,0.7065777480572665
2026-06-09,0,1,BUY,0.9712511979729364
2026-06-10,1,1,BUY,0.892219308159538
2026-06-11,1,1,BUY,0.9897646556973602
2026-06-12,1,1,BUY,0.9493104899431664
2026-06-13,1,1,BUY,0.9967330850889063
2026-06-14,1,1,BUY,0.9067224120881595
2026-06-15,1,1,BUY,0.9972973178834773
2026-06-16,1,1,BUY,0.9999248230378904
2026-06-17,1,1,BUY,0.5482213525169966
2026-06-18,1,1,BUY,0.9125576424026375
2026-06-19,1,0,SELL,0.3612057775878317
2026-06-20,1,1,BUY,0.7181077776839002
2026-06-21,1,1,BUY,0.9984525465685541
2026-06-22,1,1,BUY,0.9995822429351661
2026-06-23,0,1,BUY,0.9092832942953275
2026-06-24,1,1,BUY,0.9973078263325698
2026-06-25,1,1,BUY,0.9999578950171024
2026-06-26,1,1,BUY,0.9999934847082378
2026-06-27,1,1,BUY,0.9476475895642872
2026-06-28,1,1,BUY,0.9999804737978898
2026-06-29,1,1,BUY,0.9936874460903249
2026-06-30,0,0,SELL,0.38484674189336027
2026-07-01,1,1,BUY,0.9460907590655049
2026-07-02,0,0,SELL,0.3517616838187057
2026-07-03,1,1,BUY,0.9952500635057563
2026-07-04,0,1,BUY,0.5181134485848045
2026-07-05,1,1,BUY,0.9997275884744162
2026-07-06,1,0,SELL,0.4306398856130212
2026-07-07,0,0,SELL,0.2103453709084459
2026-07-08,0,1,BUY,0.9465328252550048
2026-07-09,1,1,BUY,0.9954380462261696
2026-07-10,1,1,BUY,0.8780173822908872
2026-07-11,0,0,SELL,0.2775476836241555
2026-07-12,1,1,BUY,0.5129429548497461
2026-07-13,1,1,BUY,0.9968094703022536
2026-07-14,1,1,BUY,0.9999323332009582
2026-07-15,1,1,BUY,0.9985155599431442
2026-07-16,1,1,BUY,0.9998935941825571
2026-07-17,0,0,SELL,0.48542235423670577
2026-07-18,1,1,BUY,0.9998996056336664
2026-07-19,0,0,SELL,0.2005296235970759
2026-07-20,0,0,SELL,0.3856396677302267
2026-07-21,1,1,BUY,0.9998532790713213
2026-07-22,1,1,BUY,0.9991149234877318
2026-07-23,1,1,BUY,0.9979074506211024
2026-07-24,0,1,BUY,0.5478591073142239
2026-07-25,0,0,SELL,0.1968528572254344
2026-07-26,1,1,BUY,0.999960721984983
2026-07-27,1,0,SELL,0.4172921851292515
2026-07-28,1,1,BUY,0.9999698031501354
2026-07-29,1,1,BUY,0.997859550080515
2026-07-30,0,0,SELL,0.1029529319707261
2026-07-31,0,1,BUY,0.7715902685053673
2026-08-01,1,1,BUY,0.9930235240429001
2026-08-02,0,0,SELL,0.041419100314110946
2026-08-03,1,1,BUY,0.9782888535976385
2026-08-04,1,1,BUY,0.9999076076731381
2026-08-05,0,0,SELL,0.0409890972728703
2026-08-06,0,0,SELL,0.27642204849305124
2026-08-07,1,1,BUY,0.9996426024930088
2026-08-08,1,1,BUY,0.9673098662751769
2026-08-09,0,1,BUY,0.8075193374857984
2026-08-10,1,1,BUY,0.9446963761423843
2026-08-11,1,1,BUY,0.9917153475539562
2026-08-12,1,0,SELL,0.31600907175477483
2026-08-13,1,1,BUY,0.9999755139976699
2026-08-14,1,1,BUY,0.9998757845233637
2026-08-15,1,1,BUY,0.9381500870828297
2026-08-16,1,1,BUY,0.9919175226717276
2026-08-17,1,1,BUY,0.7558108469592731
2026-08-18,1,1,BUY,0.9897956926324402
2026-08-19,1,1,BUY,0.966008344127789
2026-08-20,1,1,BUY,0.9998350057299779
2026-08-21,1,1,BUY,0.8037026803269046
2026-08-22,1,1,BUY,0.9927724959830472
2026-08-23,1,1,BUY,0.9929632231128463
2026-08-24,1,1,BUY,0.6109110209925801
2026-08-25,1,1,BUY,0.9913401036742019
2026-08-26,1,1,BUY,0.9993573126624805
2026-08-27,1,1,BUY,0.9997681749176481
2026-08-28,1,1,BUY,0.9797014803768832
2026-08-29,1,1,BUY,0.9997662965710231
2026-08-30,1,1,BUY,0.9614554099895276
2026-08-31,1,1,BUY,0.6643569168063287
2026-09-01,1,1,BUY,0.9927012240744689
2026-09-02,1,1,BUY,0.9771074930854848
2026-09-03,0,0,SELL,0.25161401410333706
2026-09-04,0,0,SELL,0.0771606093178151
2026-09-05,0,0,SELL,0.4669400320327574
2026-09-06,1,1,BUY,0.5234828592138907
2026-09-07,0,0,SELL,0.27384093940475207
2026-09-08,0,1,BUY,0.8878510370679591
2026-09-09,0,0,SELL,0.06304373476406482
2026-09-10,0,1,BUY,0.6903892730100823
2026-09-11,0,0,SELL,0.24927796116422493
2026-09-12,0,0,SELL,0.10553309938597415
2026-09-13,1,1,BUY,0.9015104790571882
2026-09-14,1,1,BUY,0.9999689715964214
2026-09-15,1,1,BUY,0.7881114964820893
2026-09-16,1,1,BUY,0.7846979676672238
2026-09-17,1,1,BUY,0.9996593132789242
2026-09-18,1,1,BUY,0.9999871358373092
2026-09-19,1,1,BUY,0.9516324244059327
2026-09-20,1,1,BUY,0.9968465886457694
2026-09-21,1,1,BUY,0.9979612213048337
2026-09-22,0,0,SELL,0.0867212866642552
2026-09-23,1,1,BUY,0.9990907296098326
2026-09-24,1,1,BUY,0.9999569408680312
2026-09-25,0,1,BUY,0.9321627488380627
2026-09-26,1,0,SELL,0.06847783574724124
2026-09-27,1,1,BUY,0.6826293205075842
2026-09-28,1,1,BUY,0.9982790631002274
2026-09-29,0,0,SELL,0.19352778093645895
2026-09-30,1,1,BUY,0.9189736602298111
2026-10-01,0,0,SELL,0.39212479222205515
2026-10-02,1,1,BUY,0.9224336919024727
2026-10-03,1,1,BUY,0.9383987046981836
2026-10-04,0,0,SELL,0.05894865996764288
2026-10-05,1,1,BUY,0.8042442815453459
2026-10-06,1,1,BUY,0.99996685395982
2026-10-07,1,1,BUY,0.9885277207331445
2026-10-08,1,1,BUY,0.9966509366753326
2026-10-09,1,1,BUY,0.9942701285876957
2026-10-10,0,1,BUY,0.9618733874275152
2026-10-11,1,1,BUY,0.9999951882119306
2026-10-12,1,1,BUY,0.9993013239395976
2026-10-13,1,1,BUY,0.9653879664944133
2026-10-14,1,1,BUY,0.9775442457992719
2026-10-15,0,0,SELL,0.0716134919049602
2026-10-16,0,1,BUY,0.5535686435001147
2026-10-17,1,1,BUY,0.9678210718282289
2026-10-18,1,1,BUY,0.9997522460332287
2026-10-19,1,1,BUY,0.9999929854958759
2026-10-20,1,1,BUY,0.9714492629947769
2026-10-21,1,1,BUY,0.9460683276995534
2026-10-22,0,1,BUY,0.8829721630018637
2026-10-23,1,1,BUY,0.9997728908688706
2026-10-24,1,1,BUY,0.9487652485477983
2026-10-25,0,1,BUY,0.7310070217535796
2026-10-26,0,0,SELL,0.3705729912898776
2026-10-27,1,1,BUY,0.9997091171285822
2026-10-28,1,1,BUY,0.9999300819651952
2026-10-29,1,1,BUY,0.979420043544912
2026-10-30,1,1,BUY,0.9857087551891834
2026-10-31,1,0,SELL,0.4804733177606066
2026-11-01,0,0,SELL,0.15518198524516405
2026-11-02,1,0,SELL,0.472810948582982
2026-11-03,1,1,BUY,0.9998943442311568
2026-11-04,0,0,SELL,0.023146853104198242
2026-11-05,0,0,SELL,0.01377259750073372
2026-11-06,1,1,BUY,0.9475411202458351
2026-11-07,0,1,BUY,0.8179345301596063
2026-11-08,1,1,BUY,0.8370973064575189
2026-11-09,1,1,BUY,0.98807681077835
2026-11-10,1,1,BUY,0.9740874276570404
2026-11-11,1,1,BUY,0.9210129685817197
2026-11-12,0,0,SELL,0.32605343988648616
2026-11-13,0,1,BUY,0.6055501256714645
2026-11-14,1,1,BUY,0.5693636025676735
2026-11-15,1,1,BUY,0.5582197383275732
2026-11-16,1,1,BUY,0.969089644768124
2026-11-17,1,1,BUY,0.5178313867899427
2026-11-18,1,1,BUY,0.9859606029023993
2026-11-19,1,1,BUY,0.9648792260153809
2026-11-20,1,1,BUY,0.9980312226413119
2026-11-21,0,0,SELL,0.47347073523359706
2026-11-22,1,1,BUY,0.9999829171983362
2026-11-23,1,1,BUY,0.8308859217576704
2026-11-24,1,0,SELL,0.4933157394754651
2026-11-25,1,1,BUY,0.8066246373691215
2026-11-26,1,0,SELL,0.30854986298016474
2026-11-27,1,1,BUY,0.9441015173290697
2026-11-28,1,1,BUY,0.9810528959236934
2026-11-29,1,1,BUY,0.7042475487655161
2026-11-30,1,1,BUY,0.9327960769763082
2026-12-01,1,1,BUY,0.9997653285811484
2026-12-02,1,1,BUY,0.9946289537687962
2026-12-03,1,1,BUY,0.999957154768948
2026-12-04,1,1,BUY,0.9942296628872886
2026-12-05,1,1,BUY,0.9996404995144673
2026-12-06,1,1,BUY,0.9837860760860307
2026-12-07,1,1,BUY,0.9984026142704048
2026-12-08,1,1,BUY,0.9999648682384277
2026-12-09,1,1,BUY,0.9990627855088154
2026-12-10,1,1,BUY,0.9932337892169344
2026-12-11,1,1,BUY,0.8864972502894515
2026-12-12,1,1,BUY,0.9998137746624152
2026-12-13,1,1,BUY,0.9698884682161479
2026-12-14,1,1,BUY,0.9982850474306768
2026-12-15,1,1,BUY,0.984863526089841
2026-12-16,1,1,BUY,0.9998699764003662
2026-12-17,0,0,SELL,0.32732180143341005
2026-12-18,1,1,BUY,0.9975926970364234
2026-12-19,0,1,BUY,0.6811868614437583
2026-12-20,1,1,BUY,0.9502253438929198
2026-12-21,1,1,BUY,0.9959789489767101
2026-12-22,1,1,BUY,0.9491271031753838
2026-12-23,1,1,BUY,0.9664154525887265
2026-12-24,1,1,BUY,0.9989754763397075
2026-12-25,1,1,BUY,0.9997430177310576
2026-12-26,1,1,BUY,0.9993014597372551
2026-12-27,1,1,BUY,0.9921873244693492
2026-12-28,1,1,BUY,0.9287117842685497
2026-12-29,0,0,SELL,0.03288569518986287
2026-12-30,0,0,SELL,0.1670201751549198
2026-12-31,0,1,BUY,0.8682510572482053
2027-01-01,0,0,SELL,0.023470181196415328
2027-01-02,0,0,SELL,0.08742950170011288
2027-01-03,0,0,SELL,0.372650098454862
2027-01-04,0,1,BUY,0.5342401448047743
2027-01-05,1,1,BUY,0.9999719705017732
2027-01-06,1,1,BUY,0.5562353839646007
2027-01-07,1,1,BUY,0.9808901396985593
2027-01-08,1,1,BUY,0.9999562298214381
2027-01-09,1,1,BUY,0.9964310683054242
2027-01-10,1,1,BUY,0.6425347218423024
2027-01-11,1,1,BUY,0.99990460887427
2027-01-12,0,0,SELL,0.4138687575061552
2027-01-13,1,1,BUY,0.9614750381469187
2027-01-14,1,1,BUY,0.5262492688898341
2027-01-15,0,0,SELL,0.3059972702011547
2027-01-16,0,0,SELL,0.09132479821795766
2027-01-17,1,1,BUY,0.9996668938478588
2027-01-18,1,1,BUY,0.9837446290948835
2027-01-19,1,0,SELL,0.23690606573407452
2027-01-20,1,1,BUY,0.9999617514921691
2027-01-21,1,1,BUY,0.9927718804087245
2027-01-22,1,0,SELL,0.3778441612281734
2027-01-23,1,1,BUY,0.9920487963445671
2027-01-24,0,1,BUY,0.7342951487912619
2027-01-25,0,1,BUY,0.8012345495841626
2027-01-26,1,1,BUY,0.7643252285005843
2027-01-27,1,1,BUY,0.9996481759547229
2027-01-28,1,1,BUY,0.9995603303106532
2027-01-29,1,1,BUY,0.999640210358669
2027-01-30,1,1,BUY,0.9994688160623434
2027-01-31,1,1,BUY,0.9476622979908251
2027-02-01,1,1,BUY,0.9866863227072049
2027-02-02,0,0,SELL,0.13793313456334452
2027-02-03,1,1,BUY,0.9976090765913564
2027-02-04,1,1,BUY,0.998602226733085
2027-02-05,1,1,BUY,0.9613992421591329
2027-02-06,1,1,BUY,0.9829732760811867
2027-02-07,1,1,BUY,0.999913114502126
2027-02-08,0,0,SELL,0.07596867179336714
2027-02-09,1,1,BUY,0.9999330491636467
2027-02-10,1,1,BUY,0.5037758206426579
2027-02-11,1,1,BUY,0.9999690169191694
2027-02-12,1,1,BUY,0.915226724365639
2027-02-13,1,1,BUY,0.9993563128899032
2027-02-14,1,1,BUY,0.9999492671872001
2027-02-15,1,1,BUY,0.9999622483601249
2027-02-16,1,1,BUY,0.9999884047221863
2027-02-17,1,1,BUY,0.9998599795311234
2027-02-18,1,0,SELL,0.32434585109462666
2027-02-19,0,0,SELL,0.2058993135462218
2027-02-20,1,1,BUY,0.9035157176670102
2027-02-21,1,1,BUY,0.9688318138502057
2027-02-22,0,0,SELL,0.11846334805842376
2027-02-23,1,1,BUY,0.9998803396818147
2027-02-24,0,0,SELL,0.13460036319995405
2027-02-25,1,1,BUY,0.999973871168776
2027-02-26,0,0,SELL,0.2828388719722144
2027-02-27,0,0,SELL,0.21907776508515525
2027-02-28,1,1,BUY,0.9810559940017256
2027-03-01,1,1,BUY,0.7379970429013969
2027-03-02,0,0,SELL,0.1337129880310289
2027-03-03,1,1,BUY,0.5832162825645464
2027-03-04,1,1,BUY,0.9996941728211157
2027-03-05,0,0,SELL,0.40762813271184967
2027-03-06,0,0,SELL,0.31556594515554415
2027-03-07,1,1,BUY,0.8911975414466671
2027-03-08,1,1,BUY,0.9744907119676336
2027-03-09,1,1,BUY,0.9857304495984678
2027-03-10,1,1,BUY,0.8835448948870086
2027-03-11,1,1,BUY,0.9980395205171455
2027-03-12,0,1,BUY,0.8237093084402188
2027-03-13,1,1,BUY,0.9102419740636262
2027-03-14,1,1,BUY,0.9782088111739397
2027-03-15,1,1,BUY,0.9939294714179594
2027-03-16,1,1,BUY,0.9894396460747706
2027-03-17,1,1,BUY,0.888853662516169
2027-03-18,1,1,BUY,0.5026425442516735
2027-03-19,1,1,BUY,0.7731417131873363
2027-03-20,0,0,SELL,0.27781526372935406
2027-03-21,0,0,SELL,0.28940268523148466
2027-03-22,1,1,BUY,0.7779160593689667
2027-03-23,1,0,SELL,0.3296420404790371
2027-03-24,0,0,SELL,0.26763470055888894
2027-03-25,0,0,SELL,0.0760163482254942
2027-03-26,1,1,BUY,0.9966672089388627
2027-03-27,1,1,BUY,0.976973723230534
2027-03-28,1,1,BUY,0.9995639048326016
2027-03-29,1,1,BUY,0.8967695666875358
2027-03-30,1,1,BUY,0.731502409523106
2027-03-31,1,1,BUY,0.9994321763667353
2027-04-01,1,1,BUY,0.8771426980640972
2027-04-02,0,0,SELL,0.3529076971492155
2027-04-03,1,1,BUY,0.9996218356348965
2027-04-04,1,1,BUY,0.9958162818884202
2027-04-05,1,1,BUY,0.921679343772521
2027-04-06,1,1,BUY,0.9709877639988265
2027-04-07,1,1,BUY,0.9998545310726207
2027-04-08,1,1,BUY,0.9874954026933572
2027-04-09,1,1,BUY,0.9998948672125946
2027-04-10,0,0,SELL,0.46322967446089797
2027-04-11,1,1,BUY,0.9849967664615294
2027-04-12,1,1,BUY,0.8595382543210305
2027-04-13,1,1,BUY,0.9897028741104382
2027-04-14,1,1,BUY,0.9999328717279663
2027-04-15,1,1,BUY,0.9687588354538745
2027-04-16,1,1,BUY,0.9887123828655712
2027-04-17,1,1,BUY,0.9999883341769006
2027-04-18,1,1,BUY,0.9842751756164778
2027-04-19,0,0,SELL,0.29206431028461244
2027-04-20,1,1,BUY,0.9941097340229818
2027-04-21,1,1,BUY,0.9298929603706446
2027-04-22,0,0,SELL,0.19976070394482492
2027-04-23,1,1,BUY,0.9897919775269426
2027-04-24,1,1,BUY,0.9848192662115367
2027-04-25,1,1,BUY,0.8463347214112957
2027-04-26,1,0,SELL,0.4384772273539018
2027-04-27,0,0,SELL,0.21529688359257507
2027-04-28,1,1,BUY,0.9717536000515834
2027-04-29,0,1,BUY,0.9835431759708757
2027-04-30,1,1,BUY,0.7336249103426069
2027-05-01,1,1,BUY,0.5306512660452325
2027-05-02,1,1,BUY,0.9903958447817212
2027-05-03,1,1,BUY,0.9146929508471514
2027-05-04,1,1,BUY,0.9833412844156838
2027-05-05,0,1,BUY,0.8956974364493328
2027-05-06,1,1,BUY,0.9905967912597656
2027-05-07,1,1,BUY,0.9894880994728718
2027-05-08,0,0,SELL,0.11891996942330775
2027-05-09,1,1,BUY,0.9240072732968189
2027-05-10,1,1,BUY,0.9999498041071193
2027-05-11,1,1,BUY,0.9999529167300709
2027-05-12,1,1,BUY,0.9929301452271726
2027-05-13,1,1,BUY,0.9128688188514603
2027-05-14,0,0,SELL,0.4460852691455201
2027-05-15,1,1,BUY,0.9999924888436592
2027-05-16,1,0,SELL,0.44014700521054395
2027-05-17,1,1,BUY,0.9396202542602902
2027-05-18,1,1,BUY,0.9914210255230405
2027-05-19,1,1,BUY,0.9999529088237202
2027-05-20,0,1,BUY,0.5788658132148605
2027-05-21,1,1,BUY,0.99972649132763
2027-05-22,1,1,BUY,0.9999649069374889
2027-05-23,0,0,SELL,0.12696680390837894
2027-05-24,1,1,BUY,0.9986670930548679
2027-05-25,0,0,SELL,0.1727390579816511
2027-05-26,1,1,BUY,0.999986341479219
2027-05-27,1,1,BUY,0.9849932323202097
2027-05-28,1,1,BUY,0.8133524345065349
2027-05-29,1,1,BUY,0.9925249766482022
2027-05-30,1,1,BUY,0.9999794025948793
2027-05-31,0,0,SELL,0.14703827820242585
2027-06-01,0,0,SELL,0.21730608446605781
2027-06-02,0,1,BUY,0.7848085123890461
2027-06-03,1,1,BUY,0.976055237485555
2027-06-04,0,0,SELL,0.3554682232443
2027-06-05,1,1,BUY,0.7925054930184746
2027-06-06,1,1,BUY,0.9992864018380377
2027-06-07,1,1,BUY,0.9761852669250486
2027-06-08,0,0,SELL,0.07405992763110311
2027-06-09,1,1,BUY,0.9775267783540553
2027-06-10,1,1,BUY,0.9999780550796558
2027-06-11,1,1,BUY,0.8720158300063582
2027-06-12,1,1,BUY,0.9988500715724629
2027-06-13,1,1,BUY,0.9999240239868648
2027-06-14,0,1,BUY,0.6699264324051537
2027-06-15,1,1,BUY,0.9828848453548286
2027-06-16,0,0,SELL,0.1206717336641047
2027-06-17,0,0,SELL,0.11555963200838087
2027-06-18,1,1,BUY,0.9998155029244605
2027-06-19,1,1,BUY,0.9996553137163362
2027-06-20,0,0,SELL,0.23134606670452437
2027-06-21,1,1,BUY,0.9952592039793381
2027-06-22,0,1,BUY,0.7444284885023407
2027-06-23,0,1,BUY,0.6922398595106551
2027-06-24,1,1,BUY,0.9946631431242042
2027-06-25,1,1,BUY,0.7846370811248534
2027-06-26,0,1,BUY,0.7105593937079738
2027-06-27,1,1,BUY,0.9753932535565959
2027-06-28,1,1,BUY,0.99321571764696
2027-06-29,0,1,BUY,0.9638163678548262
2027-06-30,1,1,BUY,0.8461367491702795
2027-07-01,1,1,BUY,0.9518566149583896
2027-07-02,1,1,BUY,0.999928184162899
2027-07-03,1,1,BUY,0.9975720563512316
2027-07-04,1,1,BUY,0.9960294714940942
2027-07-05,1,1,BUY,0.9875792700367463
2027-07-06,1,1,BUY,0.9945568424032432
2027-07-07,1,1,BUY,0.999351266586677
2027-07-08,1,1,BUY,0.9953923655170003
2027-07-09,1,1,BUY,0.9847556099280458
2027-07-10,1,1,BUY,0.9719023755446612
2027-07-11,1,0,SELL,0.31615384368956084
2027-07-12,1,1,BUY,0.9999568674742446
2027-07-13,1,1,BUY,0.9966136519476043
2027-07-14,0,0,SELL,0.09743378740651806
2027-07-15,1,1,BUY,0.9996691235169739
2027-07-16,1,1,BUY,0.904299498536256
2027-07-17,1,1,BUY,0.9980971357909514
2027-07-18,1,1,BUY,0.9997879440299033
2027-07-19,0,1,BUY,0.715517557119784
2027-07-20,1,1,BUY,0.9991747927301503
2027-07-21,1,1,BUY,0.9143400831645713
2027-07-22,1,1,BUY,0.5126774582058256
2027-07-23,1,1,BUY,0.9999253099135024
2027-07-24,1,1,BUY,0.9998086230458347
2027-07-25,0,1,BUY,0.6299446778066335
2027-07-26,0,1,BUY,0.8158648039185578
2027-07-27,1,1,BUY,0.9326940115492074
2027-07-28,1,1,BUY,0.9999740208053698
2027-07-29,0,0,SELL,0.21030719972385564
2027-07-30,0,0,SELL,0.17142362879621478
2027-07-31,1,1,BUY,0.9793552302026135
2027-08-01,1,1,BUY,0.998066347863159
2027-08-02,1,1,BUY,0.9173236415786835
2027-08-03,1,1,BUY,0.9915802306896581
2027-08-04,0,0,SELL,0.09848691375336723
2027-08-05,1,1,BUY,0.9624426056217272
2027-08-06,0,1,BUY,0.7731401481671728
2027-08-07,1,1,BUY,0.9702216913040511
2027-08-08,1,1,BUY,0.999882304726384
2027-08-09,1,1,BUY,0.8222779405605852
2027-08-10,1,1,BUY,0.9999477381597949
2027-08-11,0,0,SELL,0.4229956473129795
2027-08-12,1,1,BUY,0.6261948708831574
2027-08-13,0,1,BUY,0.9367267286441042
2027-08-14,1,1,BUY,0.9999201904725609
2027-08-15,0,0,SELL,0.15221530013298373
2027-08-16,1,1,BUY,0.9993165277665775
2027-08-17,1,1,BUY,0.9992608655005559
2027-08-18,1,1,BUY,0.994142348953343
2027-08-19,1,1,BUY,0.9877490182116995
2027-08-20,1,1,BUY,0.9999528904736734
2027-08-21,0,0,SELL,0.2764707151340723
2027-08-22,1,1,BUY,0.9883956504733219
2027-08-23,1,1,BUY,0.5928926714815622
2027-08-24,0,1,BUY,0.9722723867446564
2027-08-25,0,0,SELL,0.19719594506450525
2027-08-26,0,0,SELL,0.09364043699671439
2027-08-27,1,1,BUY,0.6583386004929691
2027-08-28,1,1,BUY,0.9998954596736401
2027-08-29,1,1,BUY,0.999899008435787
2027-08-30,0,0,SELL,0.06508632365396393
2027-08-31,1,1,BUY,0.590803121532238
2027-09-01,1,1,BUY,0.9743341093571906
2027-09-02,1,1,BUY,0.9928911975618874
2027-09-03,0,1,BUY,0.9644923216617427
2027-09-04,1,1,BUY,0.999949603577327
2027-09-05,1,1,BUY,0.7519419245085441
2027-09-06,1,1,BUY,0.9999104739332833
2027-09-07,0,1,BUY,0.803448969686664
2027-09-08,1,0,SELL,0.4626829500331996
2027-09-09,1,1,BUY,0.9233044679708975
2027-09-10,0,1,BUY,0.8426949906019331
2027-09-11,0,0,SELL,0.20037934061694823
2027-09-12,0,1,BUY,0.5773756041412236
2027-09-13,1,1,BUY,0.9990300772458257
2027-09-14,1,1,BUY,0.5972380332929622
2027-09-15,1,1,BUY,0.9995969577065309
2027-09-16,1,1,BUY,0.9993263782525574
2027-09-17,1,1,BUY,0.9987990735177192
2027-09-18,0,1,BUY,0.9866170629989904
2027-09-19,1,1,BUY,0.5738690496084026
2027-09-20,1,1,BUY,0.9998234792911708
2027-09-21,0,1,BUY,0.7308289180240596
2027-09-22,1,1,BUY,0.9999246784272878
2027-09-23,1,1,BUY,0.9903691653314681
2027-09-24,1,1,BUY,0.9785683463518426
2027-09-25,0,1,BUY,0.7727274519918396
2027-09-26,1,1,BUY,0.8380182857278381
2027-09-27,1,1,BUY,0.9952344543268279
2027-09-28,1,1,BUY,0.9954064385213264
2027-09-29,1,1,BUY,0.998416632610302
2027-09-30,1,1,BUY,0.9906265344031849
2027-10-01,1,1,BUY,0.9999045910984876
2027-10-02,1,1,BUY,0.9999776235389697
2027-10-03,1,1,BUY,0.9999181219564724
2027-10-04,1,1,BUY,0.9964220700284012
2027-10-05,1,1,BUY,0.997488889333465
2027-10-06,0,1,BUY,0.9908899436776706
2027-10-07,0,0,SELL,0.042429956999371715
2027-10-08,1,1,BUY,0.9999414209471444
2027-10-09,1,1,BUY,0.8017920118921654
2027-10-10,1,1,BUY,0.964850259034269
2027-10-11,1,1,BUY,0.5948212515576056
2027-10-12,1,1,BUY,0.9788819376143145
2027-10-13,1,1,BUY,0.8593166406479669
2027-10-14,1,1,BUY,0.702765507246741
2027-10-15,0,0,SELL,0.07466951930555606
2027-10-16,1,1,BUY,0.994609218453116
2027-10-17,0,1,BUY,0.953410251645273
2027-10-18,0,0,SELL,0.2124910651357491
2027-10-19,1,1,BUY,0.9726264246598268
2027-10-20,1,1,BUY,0.9957308397307774
2027-10-21,0,1,BUY,0.7955177368345413
2027-10-22,1,1,BUY,0.6902683186485655
2027-10-23,1,1,BUY,0.9983550635231981
2027-10-24,1,1,BUY,0.9999843223809213
2027-10-25,1,1,BUY,0.9999622644102171
2027-10-26,1,1,BUY,0.9999229487319375
2027-10-27,0,0,SELL,0.23459720442479381
2027-10-28,1,1,BUY,0.9642121330558238
2027-10-29,0,0,SELL,0.1663331247742269
2027-10-30,1,1,BUY,0.9864569491102517
2027-10-31,0,0,SELL,0.009044002937870272
2027-11-01,1,1,BUY,0.5918688211482049
2027-11-02,0,0,SELL,0.4750199528465768
2027-11-03,0,1,BUY,0.6495167641219001
2027-11-04,1,1,BUY,0.9909014362323494
2027-11-05,1,1,BUY,0.9981323945715224
2027-11-06,1,1,BUY,0.8841337612945799
2027-11-07,1,1,BUY,0.7268517238103381
2027-11-08,1,1,BUY,0.8751236292305292
2027-11-09,1,1,BUY,0.9994805832780982
2027-11-10,1,1,BUY,0.9328342042346376
2027-11-11,0,1,BUY,0.9791114856335086
2027-11-12,0,0,SELL,0.35407889977013784
2027-11-13,1,1,BUY,0.9999370827970684
2027-11-14,0,0,SELL,0.3930168775694786
2027-11-15,1,1,BUY,0.9903264601946125
2027-11-16,1,1,BUY,0.9999776117713285
2027-11-17,1,1,BUY,0.7631849626311341
2027-11-18,1,1,BUY,0.8978515124491417
2027-11-19,0,1,BUY,0.7008775496058267
2027-11-20,0,0,SELL,0.1416819158164403
2027-11-21,1,1,BUY,0.9846133400319039
2027-11-22,1,1,BUY,0.9279976541616693
2027-11-23,1,1,BUY,0.9946236394755259
2027-11-24,1,1,BUY,0.5025404081705813
2027-11-25,1,1,BUY,0.9998733318244447
2027-11-26,1,1,BUY,0.922226438104631
2027-11-27,1,1,BUY,0.9999425158907065
2027-11-28,0,0,SELL,0.3002508434989009
2027-11-29,0,1,BUY,0.7788591446614335
2027-11-30,1,1,BUY,0.9977574084601669
2027-12-01,0,1,BUY,0.899042624281927
2027-12-02,1,1,BUY,0.983816827276382
2027-12-03,1,1,BUY,0.9998527122063399
2027-12-04,1,1,BUY,0.7016065061277897
2027-12-05,1,1,BUY,0.9995873134699397
2027-12-06,1,1,BUY,0.9999425732833305
2027-12-07,0,0,SELL,0.234765099985941
2027-12-08,1,1,BUY,0.9551768134577956
2027-12-09,1,1,BUY,0.9992941886423865
2027-12-10,1,1,BUY,0.9993991716623855
2027-12-11,1,1,BUY,0.9891336027367267
2027-12-12,0,0,SELL,0.30333035491637345
2027-12-13,0,0,SELL,0.12395142781661919
2027-12-14,0,0,SELL,0.17591558116114253
2027-12-15,1,1,BUY,0.9881690324191083
2027-12-16,1,1,BUY,0.9997890817433722
2027-12-17,1,1,BUY,0.9576127328647244
2027-12-18,1,1,BUY,0.999947171999232
2027-12-19,1,1,BUY,0.836316578478788
2027-12-20,1,1,BUY,0.9998420341812092
2027-12-21,0,0,SELL,0.05114100618690147
2027-12-22,1,1,BUY,0.9999868489555422
2027-12-23,1,0,SELL,0.22946090075176273
2027-12-24,0,1,BUY,0.8004073963062776
2027-12-25,1,0,SELL,0.3237408339250763
2027-12-26,1,0,SELL,0.3876264335956147
2027-12-27,1,1,BUY,0.9999410060488544
2027-12-28,1,1,BUY,0.9775446833135177
2027-12-29,1,1,BUY,0.9999816102434463
2027-12-30,1,1,BUY,0.8934363662482179
2027-12-31,0,0,SELL,0.23142440378312107
2028-01-01,1,1,BUY,0.9999709486835666
2028-01-02,1,1,BUY,0.9999739662819235
2028-01-03,1,1,BUY,0.6975397525836138
2028-01-04,1,1,BUY,0.9996551634377817
2028-01-05,0,0,SELL,0.36082233034892797
2028-01-06,0,1,BUY,0.7674271471912669
2028-01-07,1,1,BUY,0.9998418324623976
2028-01-08,1,1,BUY,0.9997851189161754
2028-01-09,0,0,SELL,0.38443039788000255
2028-01-10,1,1,BUY,0.7617861895512839
2028-01-11,1,1,BUY,0.9998012946162075
2028-01-12,1,1,BUY,0.6958452982251453
2028-01-13,1,1,BUY,0.9973683934424883
2028-01-14,1,1,BUY,0.9908510688221684
2028-01-15,1,1,BUY,0.9681884929935136
2028-01-16,1,0,SELL,0.3439600745899519
2028-01-17,1,1,BUY,0.7632527855948902
2028-01-18,1,1,BUY,0.9400704017756897
2028-01-19,1,1,BUY,0.9999540917450519
2028-01-20,1,1,BUY,0.9999444451363171
2028-01-21,1,1,BUY,0.8333326914464383
2028-01-22,1,1,BUY,0.9714544900156629
2028-01-23,0,0,SELL,0.3205151770864695
2028-01-24,0,0,SELL,0.07944979009756409
2028-01-25,1,0,SELL,0.4547640629608853
2028-01-26,1,1,BUY,0.9624548858304363
2028-01-27,1,1,BUY,0.999919606215544
2028-01-28,1,1,BUY,0.9920866303045717
2028-01-29,0,1,BUY,0.8834369129583493
2028-01-30,1,1,BUY,0.9570979694913883
2028-01-31,1,1,BUY,0.9999424887972198
2028-02-01,1,1,BUY,0.9827025805633621
2028-02-02,1,1,BUY,0.9968172282361868
2028-02-03,0,0,SELL,0.3210079428342617
2028-02-04,1,1,BUY,0.9927184869481314
2028-02-05,1,1,BUY,0.9997524375350623
2028-02-06,0,0,SELL,0.07992041877777588
2028-02-07,0,0,SELL,0.4891629371838883
2028-02-08,1,1,BUY,0.9991376787346599
2028-02-09,1,1,BUY,0.9999631478179312
2028-02-10,1,1,BUY,0.9131817569534771
2028-02-11,1,1,BUY,0.99996440397073
2028-02-12,0,1,BUY,0.6438258529636234
2028-02-13,1,1,BUY,0.9957141145725749
2028-02-14,1,1,BUY,0.9140265172446757
2028-02-15,0,0,SELL,0.3360713116101297
2028-02-16,0,1,BUY,0.7364111761209376
2028-02-17,1,1,BUY,0.9997972768082644
2028-02-18,1,1,BUY,0.9118912999046929
2028-02-19,1,1,BUY,0.999222224206315
2028-02-20,1,1,BUY,0.9998566944774989
2028-02-21,1,1,BUY,0.9035315598286218
2028-02-22,0,0,SELL,0.48429207420813125
2028-02-23,1,1,BUY,0.9872676435668538
2028-02-24,1,1,BUY,0.9999872192213699
2028-02-25,1,1,BUY,0.9792734619930953
2028-02-26,0,0,SELL,0.03568076310017733
2028-02-27,1,1,BUY,0.999961307906413
2028-02-28,1,1,BUY,0.9196686974550883
2028-02-29,1,1,BUY,0.999492175805869
2028-03-01,0,0,SELL,0.33065057062031744
2028-03-02,1,1,BUY,0.999778775033713
2028-03-03,1,0,SELL,0.4228426828968002
2028-03-04,1,1,BUY,0.9999321505188677
2028-03-05,1,1,BUY,0.999950687050096
2028-03-06,0,1,BUY,0.9908803496602369
2028-03-07,0,1,BUY,0.8251229789047974
2028-03-08,1,1,BUY,0.9972456459340086
2028-03-09,1,0,SELL,0.42454529093847604
2028-03-10,1,1,BUY,0.8444636311887458
2028-03-11,1,1,BUY,0.9664171835419008
2028-03-12,1,1,BUY,0.9913855573243053
2028-03-13,1,1,BUY,0.9924538289605388
2028-03-14,1,1,BUY,0.9398863263395784
2028-03-15,0,1,BUY,0.8580523262819655
2028-03-16,1,1,BUY,0.9308473764877924
2028-03-17,1,1,BUY,0.7755429310524448
2028-03-18,1,1,BUY,0.5055263336587644
2028-03-19,0,1,BUY,0.6409559828526644
2028-03-20,1,1,BUY,0.9497457817480544
2028-03-21,1,0,SELL,0.4837758642007147
2028-03-22,1,1,BUY,0.9205158430924846
2028-03-23,1,1,BUY,0.9662941983873814
2028-03-24,1,1,BUY,0.9397846266626867
2028-03-25,0,1,BUY,0.6597766104469324
2028-03-26,1,1,BUY,0.8232226215661148
2028-03-27,1,1,BUY,0.999989158808781
2028-03-28,1,1,BUY,0.6133201191632335
2028-03-29,1,1,BUY,0.9724093393155943
2028-03-30,1,1,BUY,0.9776373985245623
2028-03-31,1,1,BUY,0.999892599591137
2028-04-01,1,1,BUY,0.9720748148265878
2028-04-02,1,1,BUY,0.9888964558548341
2028-04-03,1,1,BUY,0.9999892732208344
2028-04-04,1,1,BUY,0.9999403862705147
2028-04-05,1,1,BUY,0.9997527342974516
2028-04-06,1,1,BUY,0.9961247584524568
2028-04-07,1,1,BUY,0.9534740791123858
2028-04-08,1,1,BUY,0.8311132891637691
2028-04-09,0,0,SELL,0.2049928578954308
2028-04-10,1,1,BUY,0.6651856449622132
2028-04-11,0,0,SELL,0.12358420030952123
2028-04-12,0,1,BUY,0.95737206226639
2028-04-13,1,1,BUY,0.9997851601209066
2028-04-14,1,0,SELL,0.15462783723176587
2028-04-15,1,1,BUY,0.6147984237210344
2028-04-16,1,1,BUY,0.9995781138753077
2028-04-17,1,1,BUY,0.76069680621226
2028-04-18,1,1,BUY,0.936617880270657
2028-04-19,1,1,BUY,0.9996949777805032
2028-04-20,0,0,SELL,0.03709095157534817
2028-04-21,1,1,BUY,0.9967227435488449
2028-04-22,1,1,BUY,0.8270842589072918
2028-04-23,1,1,BUY,0.9874732286690219
2028-04-24,1,1,BUY,0.9752025921798132
2028-04-25,0,0,SELL,0.1227731072142747
2028-04-26,0,0,SELL,0.13249341657771482
2028-04-27,1,1,BUY,0.9984093357084092
2028-04-28,1,1,BUY,0.9920098825493223
2028-04-29,1,1,BUY,0.6491398642433341
2028-04-30,1,1,BUY,0.969055118542934
2028-05-01,1,1,BUY,0.9962467769751272
2028-05-02,0,0,SELL,0.3829855826025047
2028-05-03,1,1,BUY,0.9999902630898514
2028-05-04,1,1,BUY,0.9998488410484181
2028-05-05,1,1,BUY,0.9999586001565723
2028-05-06,1,1,BUY,0.9674499344328897
2028-05-07,1,1,BUY,0.8960030388189775
2028-05-08,1,1,BUY,0.9933821975392293
2028-05-09,1,0,SELL,0.4832836377557013
2028-05-10,1,1,BUY,0.9887386801817221
2028-05-11,1,1,BUY,0.9993410815344496
2028-05-12,1,1,BUY,0.9623140060714676
2028-05-13,0,0,SELL,0.1693043239283868
2028-05-14,1,1,BUY,0.9732842300414511
2028-05-15,1,1,BUY,0.9675642321795193
2028-05-16,0,1,BUY,0.9862613409721709
2028-05-17,1,1,BUY,0.9833282500752781
2028-05-18,1,1,BUY,0.9720365600375791
2028-05-19,1,1,BUY,0.9974706054121703
2028-05-20,1,1,BUY,0.999448406880309
2028-05-21,1,1,BUY,0.999468551312505
2028-05-22,1,1,BUY,0.9728017865646287
2028-05-23,0,1,BUY,0.5592288457376913
2028-05-24,1,1,BUY,0.9994858477844887
2028-05-25,0,0,SELL,0.07861794456065131
2028-05-26,0,1,BUY,0.8098106293123059
2028-05-27,1,1,BUY,0.9916582224425451
2028-05-28,1,1,BUY,0.9997857200655188
2028-05-29,1,1,BUY,0.959157163751251
2028-05-30,0,1,BUY,0.8686044679234494
2028-05-31,1,1,BUY,0.9002072211505651
2028-06-01,0,0,SELL,0.15211342029907515
2028-06-02,1,1,BUY,0.9999398147255677
2028-06-03,1,1,BUY,0.9999808396436489
2028-06-04,0,1,BUY,0.5652717682572979
2028-06-05,1,1,BUY,0.9994496257782437
2028-06-06,0,0,SELL,0.07335763831274594
2028-06-07,1,1,BUY,0.7854408980781603
2028-06-08,1,1,BUY,0.9254030561631442
2028-06-09,1,1,BUY,0.9996007906607922
2028-06-10,1,0,SELL,0.25710894176419496
2028-06-11,1,1,BUY,0.9998532514235263
2028-06-12,0,1,BUY,0.9898535697708094
2028-06-13,1,1,BUY,0.9692139307915703
2028-06-14,0,1,BUY,0.7286517931481863
2028-06-15,1,1,BUY,0.8989336071773176
2028-06-16,0,0,SELL,0.059307445975262156
2028-06-17,1,1,BUY,0.9997716748441692
2028-06-18,1,1,BUY,0.9690305009288598
2028-06-19,1,1,BUY,0.9996632407460995
2028-06-20,0,0,SELL,0.2023566745192894
2028-06-21,1,1,BUY,0.9999069195946492
2028-06-22,1,1,BUY,0.856854864743382
2028-06-23,0,0,SELL,0.2866426584079493
2028-06-24,0,0,SELL,0.25437566782938315
2028-06-25,1,1,BUY,0.9199495858556128
2028-06-26,1,1,BUY,0.9998332825021071
2028-06-27,1,1,BUY,0.847691324473666
2028-06-28,0,1,BUY,0.625328011609706
2028-06-29,0,1,BUY,0.8465535592529769
2028-06-30,1,1,BUY,0.9404924449909448
2028-07-01,1,1,BUY,0.9994413584336777
2028-07-02,1,1,BUY,0.9969440293037997
2028-07-03,1,1,BUY,0.7456626967685959
2028-07-04,1,1,BUY,0.9679808814931389
2028-07-05,1,1,BUY,0.9664022416426475
2028-07-06,1,1,BUY,0.9983151871867258
2028-07-07,1,1,BUY,0.9982641277897831
2028-07-08,1,1,BUY,0.9994367222951496
2028-07-09,1,1,BUY,0.7039322541237795
2028-07-10,1,1,BUY,0.9999639620336654
2028-07-11,1,1,BUY,0.8866242887130396
2028-07-12,1,1,BUY,0.9807982880957772
2028-07-13,1,1,BUY,0.8624413746416305
2028-07-14,1,1,BUY,0.9998925968608812
2028-07-15,1,1,BUY,0.9963491150909274
2028-07-16,1,1,BUY,0.8329460258151824
2028-07-17,0,1,BUY,0.7583729852649003
2028-07-18,1,1,BUY,0.9694043675209068
2028-07-19,1,1,BUY,0.6139545133814005
2028-07-20,1,1,BUY,0.9995846973423699
2028-07-21,1,1,BUY,0.968127387724317
2028-07-22,1,1,BUY,0.6381904242957551
2028-07-23,1,1,BUY,0.9843586100618259
2028-07-24,1,1,BUY,0.9935830501437491
2028-07-25,1,1,BUY,0.9471963622785315
2028-07-26,1,1,BUY,0.8278607326141182
2028-07-27,1,1,BUY,0.7359606025136708
2028-07-28,1,1,BUY,0.9991782963704949
2028-07-29,1,0,SELL,0.19424278151675925
2028-07-30,0,1,BUY,0.678433489559924
2028-07-31,1,1,BUY,0.999906723726974
2028-08-01,1,1,BUY,0.9999281649373125
2028-08-02,0,1,BUY,0.9551160494309975
2028-08-03,1,1,BUY,0.9997188495570891
2028-08-04,1,1,BUY,0.9545850632365748
2028-08-05,1,1,BUY,0.9898438198615617
2028-08-06,1,1,BUY,0.7882615976913058
2028-08-07,0,0,SELL,0.30539063677242356
2028-08-08,1,1,BUY,0.9926743554190736
2028-08-09,1,1,BUY,0.9991987126284338
2028-08-10,0,1,BUY,0.9049192692661849
2028-08-11,0,0,SELL,0.021245245171275
2028-08-12,1,1,BUY,0.9999783787409977
2028-08-13,1,1,BUY,0.9942661931632255
2028-08-14,1,1,BUY,0.9970635568370719
2028-08-15,1,0,SELL,0.39575375463922896
2028-08-16,0,0,SELL,0.33362286319993895
2028-08-17,1,1,BUY,0.9910567253039513
2028-08-18,1,1,BUY,0.9997651655344704
2028-08-19,0,1,BUY,0.5448903328266016
2028-08-20,1,1,BUY,0.9998744478809991
2028-08-21,1,1,BUY,0.977061614681461
2028-08-22,1,1,BUY,0.9657976802406197
2028-08-23,1,1,BUY,0.615443178368574
2028-08-24,1,1,BUY,0.967373001722957
2028-08-25,1,1,BUY,0.9999362178982287
2028-08-26,1,1,BUY,0.9613990181444451
2028-08-27,1,1,BUY,0.9997975392855906
2028-08-28,1,0,SELL,0.4322265694271136
2028-08-29,1,1,BUY,0.9999449599560531
2028-08-30,1,0,SELL,0.27912935210287926
2028-08-31,1,1,BUY,0.9995117612404029
2028-09-01,1,0,SELL,0.31836961017804244
2028-09-02,1,1,BUY,0.9954154009304792
2028-09-03,1,1,BUY,0.9999691070104926
2028-09-04,1,1,BUY,0.9998231493896661
2028-09-05,1,1,BUY,0.9997247426511947
2028-09-06,1,1,BUY,0.9252423826401662
2028-09-07,1,1,BUY,0.9957964874610354
2028-09-08,1,1,BUY,0.7738475176654558
2028-09-09,0,1,BUY,0.9608001911409312
2028-09-10,1,1,BUY,0.9999475743714678
2028-09-11,1,1,BUY,0.7748878398527829
2028-09-12,1,1,BUY,0.9993686131708326
2028-09-13,1,1,BUY,0.5979366907688972
2028-09-14,1,1,BUY,0.999495110882098
2028-09-15,1,1,BUY,0.9995411089531793
2028-09-16,1,1,BUY,0.9999733234397623
2028-09-17,1,1,BUY,0.9578233839521285
2028-09-18,0,1,BUY,0.6196382196185483
2028-09-19,1,1,BUY,0.9989711108913574
2028-09-20,1,1,BUY,0.9439041023135267
2028-09-21,0,0,SELL,0.1920370854027742
2028-09-22,1,1,BUY,0.9766026191541378
2028-09-23,1,1,BUY,0.975545937831043
2028-09-24,1,1,BUY,0.8746625040119145
2028-09-25,0,0,SELL,0.42588570907600715
2028-09-26,1,1,BUY,0.9942907280757272
2028-09-27,1,1,BUY,0.9995780821849177
2028-09-28,0,0,SELL,0.3585731900234079
2028-09-29,0,0,SELL,0.2481792216408579
2028-09-30,1,1,BUY,0.9459147614301935
2028-10-01,1,1,BUY,0.9999398012054139
2028-10-02,0,1,BUY,0.9730758949201228
2028-10-03,1,1,BUY,0.9886477869166544
2028-10-04,1,1,BUY,0.9977333947488729
2028-10-05,1,1,BUY,0.9999734466688538
2028-10-06,1,1,BUY,0.8290964070811417
2028-10-07,1,1,BUY,0.9720825193654802
2028-10-08,1,1,BUY,0.9919053313684235
2028-10-09,0,0,SELL,0.40630243087979845
2028-10-10,0,1,BUY,0.8316518645551081
2028-10-11,1,0,SELL,0.08557764077274277
2028-10-12,1,1,BUY,0.9927111430520184
2028-10-13,1,1,BUY,0.9844000899538
2028-10-14,0,1,BUY,0.9998036256508298
2028-10-15,1,1,BUY,0.9980048863741201
2028-10-16,1,1,BUY,0.7679870385859648
2028-10-17,0,0,SELL,0.20050096022092134
2028-10-18,0,0,SELL,0.15997799205139876
2028-10-19,1,1,BUY,0.9999170584450102
2028-10-20,1,1,BUY,0.9582072587839503
2028-10-21,1,1,BUY,0.553685507400048
2028-10-22,1,1,BUY,0.9992106760988627
2028-10-23,1,1,BUY,0.9980708450139633
2028-10-24,1,1,BUY,0.9824909497821425
2028-10-25,0,0,SELL,0.24590575453417526
2028-10-26,1,1,BUY,0.9737303989227557
2028-10-27,0,1,BUY,0.7419913552989768
2028-10-28,1,0,SELL,0.3525537728534672
2028-10-29,1,1,BUY,0.9772311433919595
2028-10-30,1,1,BUY,0.9947467990886755
2028-10-31,1,1,BUY,0.9753185723087404
2028-11-01,1,1,BUY,0.9996236540194687
2028-11-02,1,1,BUY,0.9502665200364928
2028-11-03,1,1,BUY,0.9940864163409854
2028-11-04,0,1,BUY,0.7279178727853394
2028-11-05,1,1,BUY,0.9998884638377732
2028-11-06,1,1,BUY,0.9946812994637539
2028-11-07,1,1,BUY,0.8999235061721623
2028-11-08,1,1,BUY,0.9676829678028974
2028-11-09,1,1,BUY,0.9863130078882173
2028-11-10,1,1,BUY,0.9969994849153805
2028-11-11,1,1,BUY,0.9999712824381455
2028-11-12,1,1,BUY,0.99997939510813
2028-11-13,1,1,BUY,0.9483170902137935
2028-11-14,1,1,BUY,0.8861683551198208
2028-11-15,1,1,BUY,0.9868183920573528
2028-11-16,1,1,BUY,0.6365179948769654
2028-11-17,1,1,BUY,0.7209559078946107
2028-11-18,1,1,BUY,0.9866308653055074
2028-11-19,1,1,BUY,0.9284076978224779
2028-11-20,1,1,BUY,0.7737491568441713
2028-11-21,1,1,BUY,0.9865888681524623
2028-11-22,1,1,BUY,0.8211658196381817
2028-11-23,0,1,BUY,0.5697034386405732
2028-11-24,1,1,BUY,0.9879947930582207
2028-11-25,1,1,BUY,0.9982603367908106
2028-11-26,1,1,BUY,0.9910537808544513
2028-11-27,1,1,BUY,0.9986441035102656
2028-11-28,1,1,BUY,0.771821763857778
2028-11-29,1,1,BUY,0.9969015098163007
2028-11-30,1,1,BUY,0.9552528710414548
2028-12-01,1,1,BUY,0.9978901707522374
2028-12-02,0,1,BUY,0.704581340922184
2028-12-03,1,0,SELL,0.4942029946733997
2028-12-04,1,1,BUY,0.9597051039106508
2028-12-05,1,1,BUY,0.9999039213455688
2028-12-06,0,1,BUY,0.9472990409020052
2028-12-07,1,1,BUY,0.9999053377357752
2028-12-08,0,1,BUY,0.8466926833719539
2028-12-09,1,1,BUY,0.99760898469202
2028-12-10,1,1,BUY,0.9994501246991531
2028-12-11,1,1,BUY,0.9893285317975816
2028-12-12,1,1,BUY,0.9999802081970207
2028-12-13,1,1,BUY,0.7152609263963027
2028-12-14,0,1,BUY,0.939844191624745
2028-12-15,1,1,BUY,0.9816858732913493
2028-12-16,0,0,SELL,0.1333089268048582
2028-12-17,0,1,BUY,0.5269013415319554
2028-12-18,1,1,BUY,0.9159280605924229
2028-12-19,1,0,SELL,0.4444122486250071
2028-12-20,1,1,BUY,0.8589856993752135
2028-12-21,0,0,SELL,0.22865831223679234
2028-12-22,1,1,BUY,0.9771413666888453
2028-12-23,1,1,BUY,0.9815038765626557
2028-12-24,0,1,BUY,0.8150591294267179
2028-12-25,1,1,BUY,0.823966302177512
2028-12-26,1,1,BUY,0.9509280268390579
2028-12-27,1,1,BUY,0.9294887190958767
2028-12-28,1,1,BUY,0.9958862483326852
2028-12-29,0,0,SELL,0.4565041764722866
2028-12-30,1,1,BUY,0.9887072447426544
2028-12-31,0,1,BUY,0.9132085031396484
2029-01-01,1,1,BUY,0.9894027963164357
2029-01-02,1,1,BUY,0.9978014632036971
2029-01-03,1,1,BUY,0.5128149508178504
2029-01-04,1,1,BUY,0.9991928265468885
2029-01-05,1,1,BUY,0.9904877502495619
2029-01-06,1,1,BUY,0.999203292001294
2029-01-07,0,0,SELL,0.01957882426389701
2029-01-08,1,1,BUY,0.7713296072544042
2029-01-09,1,1,BUY,0.9999801256666303
2029-01-10,0,0,SELL,0.16794463706031412
2029-01-11,1,1,BUY,0.9944187137807273
2029-01-12,0,1,BUY,0.8708789115739831
2029-01-13,0,0,SELL,0.20812215534952738
2029-01-14,1,1,BUY,0.6191764470317853
2029-01-15,1,1,BUY,0.9999659830575282
2029-01-16,1,1,BUY,0.999923333824571
2029-01-17,1,1,BUY,0.9996942591152759
2029-01-18,1,1,BUY,0.7354271548251998
2029-01-19,1,1,BUY,0.8728191967605914
2029-01-20,1,1,BUY,0.9999166258376943
2029-01-21,0,1,BUY,0.980163445170165
2029-01-22,1,1,BUY,0.9924181722095821
2029-01-23,1,1,BUY,0.9897480616805152
2029-01-24,0,1,BUY,0.6472466952221736
2029-01-25,1,1,BUY,0.9999868921124331
2029-01-26,1,1,BUY,0.9966994048374784
2029-01-27,1,1,BUY,0.9992197716113924
2029-01-28,0,1,BUY,0.6825400635675192
2029-01-29,1,0,SELL,0.46522806983034176
2029-01-30,1,1,BUY,0.9999911593264692
2029-01-31,1,1,BUY,0.9408387554215795
2029-02-01,1,1,BUY,0.9913970865839471
2029-02-02,1,1,BUY,0.9997887847066056
2029-02-03,1,1,BUY,0.970863293379574
2029-02-04,1,1,BUY,0.9996994706363772
2029-02-05,1,1,BUY,0.6087044490748459
2029-02-06,1,1,BUY,0.9858594429061833
2029-02-07,1,1,BUY,0.9987073654987014
2029-02-08,1,1,BUY,0.9999640347883466
2029-02-09,1,1,BUY,0.9743039374955244
2029-02-10,1,1,BUY,0.9831236779825233
2029-02-11,0,0,SELL,0.4839877232206241
2029-02-12,1,1,BUY,0.7533547236928463
2029-02-13,1,1,BUY,0.9992219604914647
2029-02-14,1,1,BUY,0.999926011097518
2029-02-15,1,1,BUY,0.5696889122023319
2029-02-16,1,1,BUY,0.975026353426672
2029-02-17,0,1,BUY,0.6040209775274772
2029-02-18,1,0,SELL,0.1448329916588615
2029-02-19,1,1,BUY,0.9053170926439069
2029-02-20,1,1,BUY,0.9999875599576334
2029-02-21,0,1,BUY,0.9962791029811692
2029-02-22,1,1,BUY,0.9996106017622737
2029-02-23,1,0,SELL,0.18117879658294267
2029-02-24,1,1,BUY,0.9998452465516195
2029-02-25,1,1,BUY,0.8344320337223274
2029-02-26,1,1,BUY,0.9435770063326459
2029-02-27,1,1,BUY,0.9515281291760668
2029-02-28,1,1,BUY,0.9999771105449142
2029-03-01,1,1,BUY,0.8459120456018088
2029-03-02,1,1,BUY,0.9988675309912233
2029-03-03,1,1,BUY,0.975576284037018
2029-03-04,1,1,BUY,0.9871661897181329
2029-03-05,0,1,BUY,0.8550054230880282
2029-03-06,0,0,SELL,0.2739898700806725
2029-03-07,1,1,BUY,0.9998335185766931
2029-03-08,1,1,BUY,0.9794972283862825
2029-03-09,1,1,BUY,0.989047497713774
2029-03-10,1,1,BUY,0.7273691355815171
2029-03-11,0,0,SELL,0.0260971361836199
2029-03-12,1,1,BUY,0.999919745241899
2029-03-13,1,0,SELL,0.31306573374425084
2029-03-14,1,1,BUY,0.9120624263054709
2029-03-15,0,1,BUY,0.60477413580999
2029-03-16,1,1,BUY,0.9999611865301644
2029-03-17,1,1,BUY,0.9997918983524358
2029-03-18,1,1,BUY,0.8613575868872675
2029-03-19,0,0,SELL,0.15736140197780216
2029-03-20,0,0,SELL,0.095752725331446
2029-03-21,0,0,SELL,0.3497550458571146
2029-03-22,1,1,BUY,0.9999090881146793
2029-03-23,1,1,BUY,0.9481780714402183
2029-03-24,1,1,BUY,0.6117508918284396
2029-03-25,1,1,BUY,0.999810037973785
2029-03-26,1,0,SELL,0.1446859432644978
2029-03-27,1,1,BUY,0.9997518687336094
2029-03-28,1,1,BUY,0.925561489633575
2029-03-29,0,1,BUY,0.788391625601523
2029-03-30,1,1,BUY,0.8748936684198445
2029-03-31,0,0,SELL,0.28613273973814124
2029-04-01,0,1,BUY,0.918821248459963
2029-04-02,1,1,BUY,0.960314161130489
2029-04-03,1,1,BUY,0.997278946437958
2029-04-04,1,1,BUY,0.7602144216405929
2029-04-05,1,1,BUY,0.9988772835278251
2029-04-06,1,1,BUY,0.9993122783183538
2029-04-07,0,0,SELL,0.36344277999725993
2029-04-08,1,1,BUY,0.9999710298094074
2029-04-09,1,1,BUY,0.9770090108279702
2029-04-10,1,1,BUY,0.9456028978983939
2029-04-11,1,1,BUY,0.9975887216842663
2029-04-12,1,1,BUY,0.9997900987025169
2029-04-13,1,1,BUY,0.8332536848013241
2029-04-14,1,1,BUY,0.9997420465727508
2029-04-15,1,1,BUY,0.8804974031956001
2029-04-16,1,1,BUY,0.758705093674263
2029-04-17,1,1,BUY,0.9987783265262522
2029-04-18,1,1,BUY,0.9614509700789354
2029-04-19,1,1,BUY,0.997563752358121
2029-04-20,1,1,BUY,0.9999429987219474
2029-04-21,1,1,BUY,0.9984469262121421
2029-04-22,1,1,BUY,0.9999550971924669
2029-04-23,1,1,BUY,0.999791709277899
2029-04-24,1,1,BUY,0.999022124413227
2029-04-25,1,1,BUY,0.8117485583285279
2029-04-26,1,1,BUY,0.9433369976292656
2029-04-27,1,1,BUY,0.9997764319175276
2029-04-28,0,1,BUY,0.9322787696895755
2029-04-29,1,1,BUY,0.8471008014788355
2029-04-30,1,1,BUY,0.99609847840449
2029-05-01,1,1,BUY,0.9174372726251678
2029-05-02,1,1,BUY,0.9999415786565597
2029-05-03,1,1,BUY,0.9605095007311927
2029-05-04,0,0,SELL,0.33697369444710035
2029-05-05,0,0,SELL,0.16850455585965954
2029-05-06,1,1,BUY,0.9999396204450511
2029-05-07,1,1,BUY,0.9870075679838529
2029-05-08,1,1,BUY,0.999967323543643
2029-05-09,1,1,BUY,0.9999295636039864
2029-05-10,1,1,BUY,0.9937522322808705
2029-05-11,1,1,BUY,0.9976140179728172
2029-05-12,1,1,BUY,0.9772620079084603
2029-05-13,1,1,BUY,0.9999889935542022
2029-05-14,1,1,BUY,0.9929609519432774
2029-05-15,0,1,BUY,0.627925940024146
2029-05-16,0,0,SELL,0.3866835309595128
2029-05-17,1,1,BUY,0.968109598199398
2029-05-18,1,0,SELL,0.21447820894700165
2029-05-19,1,1,BUY,0.9942283669440909
2029-05-20,1,1,BUY,0.8916802994935119
2029-05-21,0,1,BUY,0.6203024114343542
2029-05-22,1,1,BUY,0.900143884583973
2029-05-23,1,1,BUY,0.999970718464694
2029-05-24,0,1,BUY,0.6320613150533958
2029-05-25,1,1,BUY,0.8895344543063803
2029-05-26,1,1,BUY,0.8868676059464592
2029-05-27,1,1,BUY,0.9864350598166202
2029-05-28,1,1,BUY,0.8912630176778344
2029-05-29,1,1,BUY,0.9997147874788649
2029-05-30,0,0,SELL,0.19360247904020902
2029-05-31,0,0,SELL,0.2167866254996506
2029-06-01,0,1,BUY,0.7207081680186311
2029-06-02,1,0,SELL,0.4056722693069047
2029-06-03,1,1,BUY,0.9941449475034668
2029-06-04,1,1,BUY,0.9253636914451642
2029-06-05,1,1,BUY,0.8133760602808776
2029-06-06,1,1,BUY,0.7789563656121583
2029-06-07,1,1,BUY,0.9760487172462045
2029-06-08,1,1,BUY,0.9989508919579096
2029-06-09,1,1,BUY,0.9105845494883755
2029-06-10,1,0,SELL,0.06507457851534755
2029-06-11,1,1,BUY,0.9996728554283234
2029-06-12,1,1,BUY,0.9994781450153023
2029-06-13,1,1,BUY,0.9999502068875392
2029-06-14,0,0,SELL,0.06159918915875171
2029-06-15,1,1,BUY,0.920939997235809
2029-06-16,0,0,SELL,0.15547298801606446
2029-06-17,0,1,BUY,0.5192625777577276
2029-06-18,1,1,BUY,0.9998842888080811
2029-06-19,1,1,BUY,0.9977138548130708
2029-06-20,1,1,BUY,0.9561276333813259
2029-06-21,1,1,BUY,0.5513134378968004
2029-06-22,0,1,BUY,0.7727685674618254
2029-06-23,1,1,BUY,0.9998357795180257
2029-06-24,1,1,BUY,0.9513156355428608
2029-06-25,1,1,BUY,0.9999915714877504
2029-06-26,1,1,BUY,0.7768913363439196
2029-06-27,0,0,SELL,0.1505460153748669
2029-06-28,1,1,BUY,0.808536844751057
2029-06-29,0,1,BUY,0.9929320356287936
2029-06-30,1,1,BUY,0.9999662658994637
2029-07-01,1,1,BUY,0.8596112345757589
2029-07-02,1,1,BUY,0.9999886126349886
2029-07-03,1,1,BUY,0.737905576485972
2029-07-04,0,0,SELL,0.37570640158053165
2029-07-05,1,1,BUY,0.5240609449430952
2029-07-06,1,1,BUY,0.9999466278771628
2029-07-07,1,1,BUY,0.9961140169462063
2029-07-08,1,1,BUY,0.9984208904843354
2029-07-09,1,1,BUY,0.999926408380713
2029-07-10,0,0,SELL,0.3111998074081998
2029-07-11,1,1,BUY,0.9913804831185956
2029-07-12,1,1,BUY,0.9108515732886814
2029-07-13,1,1,BUY,0.9996261180620467
2029-07-14,0,1,BUY,0.9962439865918754
2029-07-15,1,1,BUY,0.999793074783807
2029-07-16,1,1,BUY,0.9999580247518174
2029-07-17,1,1,BUY,0.9993578252551693
2029-07-18,1,1,BUY,0.9999864998898896
2029-07-19,1,1,BUY,0.999973155394553
2029-07-20,0,0,SELL,0.051221884676287376
2029-07-21,1,1,BUY,0.9981775903449496
2029-07-22,1,1,BUY,0.9948154420412237
2029-07-23,1,1,BUY,0.999988216570665
2029-07-24,0,1,BUY,0.9168960877556174
2029-07-25,1,1,BUY,0.9885328845209995
2029-07-26,1,1,BUY,0.9912441650234844
2029-07-27,1,1,BUY,0.9998721818782578
2029-07-28,1,1,BUY,0.998308336496325
2029-07-29,1,1,BUY,0.9905612391661758
2029-07-30,1,1,BUY,0.9997057217952066
2029-07-31,1,1,BUY,0.9694067568803201
2029-08-01,1,1,BUY,0.9999045587009436
2029-08-02,1,1,BUY,0.9070983954442868
2029-08-03,1,1,BUY,0.9197647227840312
2029-08-04,0,0,SELL,0.3889235319215383
2029-08-05,0,1,BUY,0.9353889470466152
2029-08-06,0,1,BUY,0.5711047807671417
2029-08-07,1,1,BUY,0.9999784717258959
2029-08-08,1,1,BUY,0.951663748929649
2029-08-09,1,1,BUY,0.8781125059939501
2029-08-10,0,0,SELL,0.20001102344469124
2029-08-11,1,1,BUY,0.9885582281608786
2029-08-12,0,1,BUY,0.9620198483022159
2029-08-13,1,1,BUY,0.9998538818089644
2029-08-14,0,0,SELL,0.2947461945224136
2029-08-15,1,1,BUY,0.711188467635527
2029-08-16,1,1,BUY,0.7795607654087789
2029-08-17,1,1,BUY,0.9925301581813558
2029-08-18,1,1,BUY,0.9927953505558601
2029-08-19,1,1,BUY,0.9906170902644845
2029-08-20,1,1,BUY,0.9999290326859737
2029-08-21,1,1,BUY,0.9628731105268934
2029-08-22,1,1,BUY,0.9998935354377619
2029-08-23,1,1,BUY,0.7493058980253549
2029-08-24,0,1,BUY,0.8477558400609523
2029-08-25,1,1,BUY,0.8506237634211484
2029-08-26,1,0,SELL,0.29402573741623356
2029-08-27,0,1,BUY,0.6155001297511923
2029-08-28,1,1,BUY,0.9652713232261546
2029-08-29,1,1,BUY,0.9737745317203895
2029-08-30,1,1,BUY,0.9999302755772453
2029-08-31,1,0,SELL,0.46272804698885067
2029-09-01,1,1,BUY,0.9977312173126442
2029-09-02,1,1,BUY,0.9993372433678259
2029-09-03,0,0,SELL,0.12275956173945654
2029-09-04,1,1,BUY,0.9524274493457993
2029-09-05,1,1,BUY,0.9983202367394686
2029-09-06,0,1,BUY,0.8863183692737681
2029-09-07,0,1,BUY,0.8484273252696739
2029-09-08,0,0,SELL,0.44613246448851607
2029-09-09,0,1,BUY,0.5333081517542025
2029-09-10,0,0,SELL,0.07612156696070918
2029-09-11,0,0,SELL,0.2225203588947147
2029-09-12,1,1,BUY,0.9999784471273957
2029-09-13,1,1,BUY,0.7911101862666376
2029-09-14,0,0,SELL,0.08708597894655974
2029-09-15,0,0,SELL,0.16473828996283993
2029-09-16,1,1,BUY,0.8665790727998479
2029-09-17,1,1,BUY,0.5395232534544921
2029-09-18,1,1,BUY,0.6215741527600342
2029-09-19,1,1,BUY,0.9999510038202292
2029-09-20,1,1,BUY,0.9411866639156108
2029-09-21,1,1,BUY,0.9374786199424563
2029-09-22,1,1,BUY,0.9619383227840377
2029-09-23,0,1,BUY,0.8860773072636848
2029-09-24,0,1,BUY,0.9969983013888853
2029-09-25,1,1,BUY,0.9886492137096352
2029-09-26,0,1,BUY,0.9306229584948869
2029-09-27,1,1,BUY,0.7381658279245426
2029-09-28,1,1,BUY,0.8826689028503605
2029-09-29,1,1,BUY,0.9967311280026198
2029-09-30,0,1,BUY,0.7232880033162438
2029-10-01,1,1,BUY,0.9999221387678603
2029-10-02,1,1,BUY,0.696768285307066
2029-10-03,1,1,BUY,0.9984158247749689
2029-10-04,1,0,SELL,0.34974642432432446
2029-10-05,1,1,BUY,0.9852400882553249
2029-10-06,1,1,BUY,0.9625580583344103
2029-10-07,1,1,BUY,0.9998089800367492
2029-10-08,1,1,BUY,0.6605215384670259
2029-10-09,0,0,SELL,0.38542067605244607
2029-10-10,1,1,BUY,0.9713562973814376
2029-10-11,1,0,SELL,0.4042816835495576
2029-10-12,1,1,BUY,0.999862093756643
2029-10-13,1,0,SELL,0.36390225316789027
2029-10-14,0,1,BUY,0.7535743690783483
2029-10-15,1,1,BUY,0.9985629229094632
2029-10-16,1,1,BUY,0.9329392418565949
2029-10-17,1,1,BUY,0.9952977748773744
2029-10-18,1,1,BUY,0.9982158412033713
2029-10-19,0,0,SELL,0.4611798895604408
2029-10-20,1,1,BUY,0.9342517252086795
2029-10-21,1,1,BUY,0.9995641598362183
2029-10-22,1,1,BUY,0.9952851783028542
2029-10-23,1,1,BUY,0.8333247514126328
2029-10-24,1,1,BUY,0.9723075492468285
2029-10-25,1,1,BUY,0.7052349439669109
2029-10-26,1,1,BUY,0.9801654530262595
2029-10-27,1,1,BUY,0.9994596940466628
2029-10-28,1,1,BUY,0.9984855689330002
2029-10-29,1,1,BUY,0.9913314764239884
2029-10-30,1,1,BUY,0.9160245483925507
2029-10-31,1,1,BUY,0.9991989220636907
2029-11-01,1,0,SELL,0.17178723701633783
2029-11-02,1,1,BUY,0.9999716940687109
2029-11-03,1,1,BUY,0.9983629785784731
2029-11-04,1,1,BUY,0.8751881843695842
2029-11-05,1,1,BUY,0.9924144956464437
2029-11-06,1,0,SELL,0.26192116210786154
2029-11-07,1,1,BUY,0.9433606246678414
2029-11-08,1,1,BUY,0.9979230018564298
2029-11-09,1,0,SELL,0.36567061830794334
2029-11-10,1,1,BUY,0.9997363883701418
2029-11-11,0,1,BUY,0.6797867866819127
2029-11-12,1,1,BUY,0.7453682804522642
2029-11-13,1,1,BUY,0.9995586744643011
2029-11-14,1,1,BUY,0.9998460844891588
2029-11-15,1,1,BUY,0.9946856078839508
2029-11-16,1,1,BUY,0.9719336343968591
2029-11-17,1,1,BUY,0.9804705227446702
2029-11-18,1,1,BUY,0.9999238342206402
2029-11-19,0,1,BUY,0.6417806898510423
2029-11-20,0,0,SELL,0.05982429224573975
2029-11-21,1,1,BUY,0.5453236052765821
2029-11-22,1,1,BUY,0.9982775309503237
2029-11-23,1,1,BUY,0.9948466651274055
2029-11-24,1,1,BUY,0.8320138470714261
2029-11-25,1,1,BUY,0.9689093790828948
2029-11-26,1,1,BUY,0.8167825521899486
2029-11-27,1,1,BUY,0.9247122692504541
2029-11-28,1,1,BUY,0.9802461503315848
2029-11-29,1,0,SELL,0.39702879413339276
2029-11-30,1,1,BUY,0.9836480168405618
2029-12-01,0,1,BUY,0.8284012619094959
2029-12-02,1,1,BUY,0.9999167983990463
2029-12-03,0,1,BUY,0.8341010938899759
2029-12-04,1,1,BUY,0.9998980458119636
2029-12-05,0,0,SELL,0.011227392049435616
2029-12-06,0,0,SELL,0.24961185462048266
2029-12-07,1,1,BUY,0.9469777783901917
2029-12-08,0,0,SELL,0.430305091749909
2029-12-09,1,1,BUY,0.9935079042813602
2029-12-10,1,1,BUY,0.7803035070450688
2029-12-11,1,1,BUY,0.9999607669678364
2029-12-12,1,1,BUY,0.9985207014751655
2029-12-13,1,1,BUY,0.9484229097572163
2029-12-14,0,0,SELL,0.25582279094290294
2029-12-15,0,0,SELL,0.17824289798557316
2029-12-16,1,1,BUY,0.9709348084536249
2029-12-17,1,1,BUY,0.9528988166918623
2029-12-18,1,1,BUY,0.8430264199049268
2029-12-19,1,1,BUY,0.9652105342843132
2029-12-20,1,1,BUY,0.9540285875202633
2029-12-21,1,1,BUY,0.8914660070503975
2029-12-22,1,1,BUY,0.9500586627828449
2029-12-23,1,0,SELL,0.21156993303866586
2029-12-24,0,0,SELL,0.007839551187243379
2029-12-25,1,1,BUY,0.9973339305154355
2029-12-26,1,1,BUY,0.9805764805692333
2029-12-27,0,1,BUY,0.6810813290697164
